v1,v2,v3,v4,v5,v6,v7,v8,v9,v10,v11,label,timestamp
-9.9,-4.3,0.27,-0.04,0.09,-0.02,79.81,14.96,-1.64,-41.03,-1.2,0,2022-01-01 00:00:00
-9.9,-4.3,0.27,-0.04,0.09,-0.02,79.81,14.96,-1.64,-41.02,-1.24,0,2022-01-01 00:01:00
-9.93,-4.36,0.6,-0.01,0.02,0.0,79.81,14.96,-1.64,-41.03,-1.2,0,2022-01-01 00:02:00
-9.93,-4.36,0.6,-0.01,0.02,0.0,79.81,14.96,-1.64,-41.03,-1.16,0,2022-01-01 00:03:00
-10.14,-4.73,0.19,0.0,0.0,-0.01,79.81,14.96,-1.64,-41.01,-1.14,0,2022-01-01 00:04:00
-10.14,-4.73,0.19,0.0,0.0,-0.01,79.81,14.96,-1.64,-41.0,-1.11,0,2022-01-01 00:05:00
-10.07,-4.68,-0.1,0.0,0.0,-0.01,79.64,15.86,0.6,-40.98,-1.11,0,2022-01-01 00:06:00
-10.07,-4.68,-0.1,0.0,0.0,-0.01,79.64,15.86,0.6,-40.97,-1.1,0,2022-01-01 00:07:00
-10.02,-4.66,-0.63,0.0,0.02,0.0,79.64,15.86,0.6,-40.96,-1.15,0,2022-01-01 00:08:00
-10.02,-4.66,-0.63,0.0,0.02,0.0,79.64,15.86,0.6,-40.95,-1.19,0,2022-01-01 00:09:00
-10.17,-4.59,-0.53,-0.03,0.1,0.0,79.64,15.86,0.6,-40.95,-1.29,0,2022-01-01 00:10:00
-10.17,-4.59,-0.53,-0.03,0.1,0.0,79.64,15.86,0.6,-40.94,-1.39,0,2022-01-01 00:11:00
-10.1,-4.51,-0.2,-0.08,0.15,0.0,79.64,15.86,0.6,-40.94,-1.51,0,2022-01-01 00:12:00
-10.1,-4.51,-0.2,-0.08,0.15,0.0,79.64,15.86,0.6,-40.94,-1.64,0,2022-01-01 00:13:00
-9.88,-4.4,-0.03,-0.07,0.13,0.0,79.64,15.86,0.6,-40.94,-1.73,0,2022-01-01 00:14:00
-9.88,-4.4,-0.03,-0.07,0.13,0.0,79.64,15.86,0.6,-40.94,-1.82,0,2022-01-01 00:15:00
-9.98,-4.51,0.36,-0.03,0.07,-0.01,79.64,15.86,0.6,-40.93,-1.83,0,2022-01-01 00:16:00
-9.98,-4.51,0.36,-0.03,0.07,-0.01,79.64,15.86,0.6,-40.92,-1.85,0,2022-01-01 00:17:00
-10.22,-4.7,0.0,0.0,0.0,-0.02,78.73,14.6,1.47,-40.9,-1.83,0,2022-01-01 00:18:00
-10.22,-4.7,0.0,0.0,0.0,-0.02,78.73,14.6,1.47,-40.89,-1.81,0,2022-01-01 00:19:00
-10.14,-4.47,-0.35,0.01,-0.02,-0.04,78.73,14.6,1.47,-40.87,-1.8,0,2022-01-01 00:20:00
-10.14,-4.47,-0.35,0.01,-0.02,-0.04,78.73,14.6,1.47,-40.85,-1.79,0,2022-01-01 00:21:00
-9.94,-4.38,-0.49,0.01,0.0,-0.04,78.73,14.6,1.47,-40.84,-1.8,0,2022-01-01 00:22:00
-9.94,-4.38,-0.49,0.01,0.0,-0.04,78.73,14.6,1.47,-40.82,-1.82,0,2022-01-01 00:23:00
-10.1,-4.59,-0.25,0.01,0.02,-0.01,78.73,14.6,1.47,-40.81,-1.83,0,2022-01-01 00:24:00
-10.1,-4.59,-0.25,0.01,0.02,-0.01,78.73,14.6,1.47,-40.8,-1.83,0,2022-01-01 00:25:00
-10.08,-4.68,-0.19,0.0,0.02,-0.01,78.73,14.6,1.47,-40.79,-1.84,0,2022-01-01 00:26:00
-10.08,-4.68,-0.19,0.0,0.02,-0.01,78.73,14.6,1.47,-40.78,-1.85,0,2022-01-01 00:27:00
-10.09,-4.51,-0.21,0.01,0.03,-0.02,78.73,14.6,1.47,-40.77,-1.86,0,2022-01-01 00:28:00
-10.09,-4.51,-0.21,0.01,0.03,-0.02,78.73,14.6,1.47,-40.76,-1.87,0,2022-01-01 00:29:00
-10.09,-4.61,-0.15,0.03,0.02,-0.02,79.09,15.68,1.47,-40.74,-1.87,0,2022-01-01 00:30:00
-10.09,-4.61,-0.15,0.03,0.02,-0.02,79.09,15.68,1.47,-40.73,-1.86,0,2022-01-01 00:31:00
-10.01,-4.53,-0.2,0.05,0.01,-0.01,79.09,15.68,1.47,-40.72,-1.85,0,2022-01-01 00:32:00
-10.01,-4.53,-0.2,0.05,0.01,-0.01,79.09,15.68,1.47,-40.72,-1.83,0,2022-01-01 00:33:00
-10.03,-4.55,-0.09,0.06,0.0,0.0,79.09,15.68,1.47,-40.72,-1.8,0,2022-01-01 00:34:00
-10.03,-4.55,-0.09,0.06,0.0,0.0,79.09,15.68,1.47,-40.71,-1.78,0,2022-01-01 00:35:00
-10.1,-4.58,-0.47,0.06,0.0,0.01,79.09,15.68,1.47,-40.72,-1.77,0,2022-01-01 00:36:00
-10.1,-4.58,-0.47,0.06,0.0,0.01,79.09,15.68,1.47,-40.72,-1.77,0,2022-01-01 00:37:00
-10.13,-4.62,-0.21,0.06,0.0,0.01,79.09,15.68,1.47,-40.72,-1.75,0,2022-01-01 00:38:00
-10.13,-4.62,-0.21,0.06,0.0,0.01,79.09,15.68,1.47,-40.73,-1.73,0,2022-01-01 00:39:00
-9.94,-4.58,-0.23,0.06,0.0,0.02,79.09,15.68,1.47,-40.73,-1.71,0,2022-01-01 00:40:00
-9.94,-4.58,-0.23,0.06,0.0,0.02,79.09,15.68,1.47,-40.74,-1.69,0,2022-01-01 00:41:00
-10.09,-4.58,-0.57,0.07,-0.02,0.03,78.56,16.21,0.26,-40.75,-1.69,0,2022-01-01 00:42:00
-10.09,-4.58,-0.57,0.07,-0.02,0.03,78.56,16.21,0.26,-40.76,-1.68,0,2022-01-01 00:43:00
-10.19,-4.36,-0.4,0.05,0.0,0.02,78.56,16.21,0.26,-40.78,-1.67,0,2022-01-01 00:44:00
-10.19,-4.36,-0.4,0.05,0.0,0.02,78.56,16.21,0.26,-40.8,-1.67,0,2022-01-01 00:45:00
-10.13,-4.4,-0.07,0.03,0.0,0.01,78.56,16.21,0.26,-40.82,-1.65,0,2022-01-01 00:46:00
-10.08,-4.19,-0.08,0.03,-0.03,0.01,78.56,16.21,0.26,-40.84,-1.61,0,2022-01-01 00:47:00
-10.08,-4.19,-0.08,0.03,-0.03,0.01,78.56,16.21,0.26,-40.86,-1.57,0,2022-01-01 00:48:00
-10.24,-4.47,-0.31,0.03,-0.03,0.01,79.64,17.29,0.6,-40.87,-1.55,0,2022-01-01 00:49:00
-10.24,-4.47,-0.31,0.03,-0.03,0.01,79.64,17.29,0.6,-40.88,-1.53,0,2022-01-01 00:50:00
-10.22,-4.46,-0.32,0.0,-0.01,0.0,79.64,17.29,0.6,-40.89,-1.53,0,2022-01-01 00:51:00
-10.22,-4.46,-0.32,0.0,-0.01,0.0,79.64,17.29,0.6,-40.89,-1.53,0,2022-01-01 00:52:00
-10.13,-4.57,-0.26,-0.01,0.01,0.0,79.64,17.29,0.6,-40.89,-1.54,0,2022-01-01 00:53:00
-10.13,-4.57,-0.26,-0.01,0.01,0.0,79.64,17.29,0.6,-40.89,-1.55,0,2022-01-01 00:54:00
-10.09,-4.38,-0.06,-0.01,0.02,0.0,79.64,17.29,0.6,-40.89,-1.56,0,2022-01-01 00:55:00
-10.09,-4.38,-0.06,-0.01,0.02,0.0,79.64,17.29,0.6,-40.9,-1.56,0,2022-01-01 00:56:00
-10.1,-4.54,0.09,0.0,0.0,0.01,79.64,17.29,0.6,-40.91,-1.54,0,2022-01-01 00:57:00
-10.03,-4.44,-0.31,0.0,-0.01,0.01,79.64,17.29,0.6,-40.91,-1.54,0,2022-01-01 00:58:00
-10.03,-4.44,-0.31,0.0,-0.01,0.01,79.64,17.29,0.6,-40.92,-1.54,0,2022-01-01 00:59:00
-9.96,-4.57,-0.5,0.0,0.0,0.01,77.66,15.32,-0.26,-40.92,-1.56,0,2022-01-01 01:00:00
-9.96,-4.57,-0.5,0.0,0.0,0.01,77.66,15.32,-0.26,-40.92,-1.58,0,2022-01-01 01:01:00
-10.07,-4.5,0.06,-0.02,0.03,0.01,77.66,15.32,-0.26,-40.92,-1.59,0,2022-01-01 01:02:00
-10.07,-4.5,0.06,-0.02,0.03,0.01,77.66,15.32,-0.26,-40.93,-1.59,0,2022-01-01 01:03:00
-10.14,-4.57,-0.18,-0.02,0.02,0.01,77.66,15.32,-0.26,-40.93,-1.61,0,2022-01-01 01:04:00
-10.14,-4.57,-0.18,-0.02,0.02,0.01,77.66,15.32,-0.26,-40.94,-1.62,0,2022-01-01 01:05:00
-10.1,-4.51,-0.41,-0.02,0.02,0.0,77.66,15.32,-0.26,-40.94,-1.65,0,2022-01-01 01:06:00
-10.1,-4.51,-0.41,-0.02,0.02,0.0,77.66,15.32,-0.26,-40.94,-1.68,0,2022-01-01 01:07:00
-10.02,-4.59,-0.02,-0.03,0.04,0.0,77.66,15.32,-0.26,-40.93,-1.7,0,2022-01-01 01:08:00
-10.02,-4.61,0.24,-0.01,0.01,0.0,77.66,15.32,-0.26,-40.92,-1.68,0,2022-01-01 01:09:00
-10.02,-4.61,0.24,-0.01,0.01,0.0,77.66,15.32,-0.26,-40.92,-1.65,0,2022-01-01 01:10:00
-10.11,-4.45,-0.07,0.0,-0.03,0.0,79.81,16.39,0.43,-40.92,-1.62,0,2022-01-01 01:11:00
-10.11,-4.45,-0.07,0.0,-0.03,0.0,79.81,16.39,0.43,-40.92,-1.59,0,2022-01-01 01:12:00
-10.14,-4.49,-0.14,0.01,-0.04,0.0,79.81,16.39,0.43,-40.93,-1.55,0,2022-01-01 01:13:00
-10.14,-4.49,-0.14,0.01,-0.04,0.0,79.81,16.39,0.43,-40.93,-1.51,0,2022-01-01 01:14:00
-10.09,-4.55,-0.22,0.01,-0.03,0.01,79.81,16.39,0.43,-40.93,-1.49,0,2022-01-01 01:15:00
-10.09,-4.55,-0.22,0.01,-0.03,0.01,79.81,16.39,0.43,-40.94,-1.47,0,2022-01-01 01:16:00
-10.05,-4.63,-0.25,0.0,-0.01,0.01,79.81,16.39,0.43,-40.94,-1.46,0,2022-01-01 01:17:00
-10.05,-4.63,-0.25,0.0,-0.01,0.01,79.81,16.39,0.43,-40.93,-1.46,0,2022-01-01 01:18:00
-10.06,-4.55,-0.09,0.0,0.0,0.01,79.81,16.39,0.43,-40.94,-1.45,0,2022-01-01 01:19:00
-10.13,-4.45,0.03,0.0,0.0,0.01,79.81,16.39,0.43,-40.95,-1.43,0,2022-01-01 01:20:00
-10.13,-4.45,0.03,0.0,0.0,0.01,79.81,16.39,0.43,-40.95,-1.42,0,2022-01-01 01:21:00
-10.09,-4.42,-0.06,0.0,-0.01,0.01,79.45,16.04,-0.26,-40.96,-1.4,0,2022-01-01 01:22:00
-10.09,-4.42,-0.06,0.0,-0.01,0.01,79.45,16.04,-0.26,-40.97,-1.39,0,2022-01-01 01:23:00
-10.11,-4.51,-0.09,0.01,0.0,0.01,79.45,16.04,-0.26,-40.98,-1.37,0,2022-01-01 01:24:00
-10.11,-4.51,-0.09,0.01,0.0,0.01,79.45,16.04,-0.26,-40.98,-1.36,0,2022-01-01 01:25:00
-10.16,-4.48,-0.12,0.01,0.0,0.01,79.45,16.04,-0.26,-40.99,-1.36,0,2022-01-01 01:26:00
-10.16,-4.48,-0.12,0.01,0.0,0.01,79.45,16.04,-0.26,-41.0,-1.35,0,2022-01-01 01:27:00
-10.07,-4.51,-0.23,0.0,0.0,0.0,79.45,16.04,-0.26,-41.0,-1.35,0,2022-01-01 01:28:00
-10.07,-4.51,-0.23,0.0,0.0,0.0,79.45,16.04,-0.26,-41.0,-1.35,0,2022-01-01 01:29:00
-10.02,-4.5,-0.15,0.0,0.02,0.0,79.45,16.04,-0.26,-40.99,-1.36,0,2022-01-01 01:30:00
-10.02,-4.5,-0.15,0.0,0.02,0.0,79.45,16.04,-0.26,-40.99,-1.37,0,2022-01-01 01:31:00
-10.11,-4.4,-0.12,0.0,0.03,0.0,79.45,15.32,0.78,-41.0,-1.39,0,2022-01-01 01:32:00
-10.11,-4.4,-0.12,0.0,0.03,0.0,79.45,15.32,0.78,-41.0,-1.4,0,2022-01-01 01:33:00
-10.09,-4.38,-0.08,0.0,0.03,0.0,79.45,15.32,0.78,-41.01,-1.41,0,2022-01-01 01:34:00
-10.01,-4.54,0.03,0.0,0.02,-0.01,79.45,15.32,0.78,-41.0,-1.41,0,2022-01-01 01:35:00
-10.01,-4.54,0.03,0.0,0.02,-0.01,79.45,15.32,0.78,-40.99,-1.4,0,2022-01-01 01:36:00
-9.98,-4.51,-0.04,0.01,0.0,-0.01,79.45,15.32,0.78,-40.98,-1.39,0,2022-01-01 01:37:00
-9.98,-4.51,-0.04,0.01,0.0,-0.01,79.45,15.32,0.78,-40.97,-1.38,0,2022-01-01 01:38:00
-10.21,-4.43,-0.3,0.03,0.0,0.0,79.45,15.32,0.78,-40.97,-1.37,0,2022-01-01 01:39:00
-10.21,-4.43,-0.3,0.03,0.0,0.0,79.45,15.32,0.78,-40.98,-1.37,0,2022-01-01 01:40:00
-10.19,-4.41,-0.25,0.02,0.02,0.0,79.45,15.32,0.78,-40.99,-1.38,0,2022-01-01 01:41:00
-10.19,-4.41,-0.25,0.02,0.02,0.0,79.45,15.32,0.78,-40.99,-1.39,0,2022-01-01 01:42:00
-10.14,-4.51,-0.04,0.0,0.05,0.0,78.92,15.14,-0.08,-40.99,-1.41,0,2022-01-01 01:43:00
-10.14,-4.51,-0.04,0.0,0.05,0.0,78.92,15.14,-0.08,-40.99,-1.43,0,2022-01-01 01:44:00
-10.01,-4.7,0.05,0.0,0.03,0.0,78.92,15.14,-0.08,-40.98,-1.43,0,2022-01-01 01:45:00
-10.03,-4.54,-0.19,0.02,0.0,0.0,78.92,15.14,-0.08,-40.98,-1.43,0,2022-01-01 01:46:00
-10.03,-4.54,-0.19,0.02,0.0,0.0,78.92,15.14,-0.08,-40.97,-1.42,0,2022-01-01 01:47:00
-10.14,-4.46,-0.28,0.03,0.0,0.0,78.92,15.14,-0.08,-40.97,-1.42,0,2022-01-01 01:48:00
-10.14,-4.46,-0.28,0.03,0.0,0.0,78.92,15.14,-0.08,-40.98,-1.41,0,2022-01-01 01:49:00
-10.11,-4.46,-0.37,0.01,0.01,0.0,78.92,15.14,-0.08,-40.98,-1.43,0,2022-01-01 01:50:00
-10.11,-4.46,-0.37,0.01,0.01,0.0,78.92,15.14,-0.08,-40.98,-1.44,0,2022-01-01 01:51:00
-10.02,-4.51,0.06,0.0,0.03,0.0,78.92,15.14,-0.08,-40.98,-1.44,0,2022-01-01 01:52:00
-10.02,-4.51,0.06,0.0,0.03,0.0,78.92,15.14,-0.08,-40.98,-1.45,0,2022-01-01 01:53:00
-10.02,-4.57,-0.06,0.01,0.0,0.0,80.0,15.86,0.26,-40.97,-1.43,0,2022-01-01 01:54:00
-10.02,-4.57,-0.06,0.01,0.0,0.0,80.0,15.86,0.26,-40.97,-1.42,0,2022-01-01 01:55:00
-10.09,-4.47,-0.39,0.02,-0.02,0.0,80.0,15.86,0.26,-40.97,-1.41,0,2022-01-01 01:56:00
-10.15,-4.47,-0.33,0.0,0.0,0.0,80.0,15.86,0.26,-40.97,-1.42,0,2022-01-01 01:57:00
-10.15,-4.47,-0.33,0.0,0.0,0.0,80.0,15.86,0.26,-40.97,-1.43,0,2022-01-01 01:58:00
-10.05,-4.54,-0.12,0.0,0.02,0.0,80.0,15.86,0.26,-40.97,-1.44,0,2022-01-01 01:59:00
-10.05,-4.54,-0.12,0.0,0.02,0.0,80.0,15.86,0.26,-40.97,-1.44,0,2022-01-01 02:00:00
-10.02,-4.5,-0.13,0.0,0.02,0.0,80.0,15.86,0.26,-40.96,-1.45,0,2022-01-01 02:01:00
-10.02,-4.5,-0.13,0.0,0.02,0.0,80.0,15.86,0.26,-40.96,-1.46,0,2022-01-01 02:02:00
-10.11,-4.43,0.02,0.0,0.01,0.0,80.0,15.86,0.26,-40.97,-1.45,0,2022-01-01 02:03:00
-10.11,-4.43,0.02,0.0,0.01,0.0,80.0,15.86,0.26,-40.97,-1.44,0,2022-01-01 02:04:00
-10.14,-4.44,-0.05,0.01,-0.01,0.0,80.9,14.6,-0.6,-40.97,-1.42,0,2022-01-01 02:05:00
-10.14,-4.44,-0.05,0.01,-0.01,0.0,80.9,14.6,-0.6,-40.98,-1.4,0,2022-01-01 02:06:00
-10.07,-4.49,-0.3,0.02,-0.03,0.0,80.9,14.6,-0.6,-40.98,-1.39,0,2022-01-01 02:07:00
-10.13,-4.47,-0.25,0.01,0.0,0.0,80.9,14.6,-0.6,-40.98,-1.39,0,2022-01-01 02:08:00
-10.13,-4.47,-0.25,0.01,0.0,0.0,80.9,14.6,-0.6,-40.98,-1.39,0,2022-01-01 02:09:00
-10.19,-4.49,-0.07,0.0,0.01,0.0,80.9,14.6,-0.6,-40.98,-1.38,0,2022-01-01 02:10:00
-10.19,-4.49,-0.07,0.0,0.01,0.0,80.9,14.6,-0.6,-40.99,-1.38,0,2022-01-01 02:11:00
-10.11,-4.57,-0.24,0.0,0.02,0.0,80.9,14.6,-0.6,-40.98,-1.4,0,2022-01-01 02:12:00
-10.11,-4.57,-0.24,0.0,0.02,0.0,80.9,14.6,-0.6,-40.98,-1.41,0,2022-01-01 02:13:00
-10.03,-4.51,-0.04,-0.01,0.04,0.0,80.9,14.6,-0.6,-40.98,-1.43,0,2022-01-01 02:14:00
-10.03,-4.51,-0.04,-0.01,0.04,0.0,80.9,14.6,-0.6,-40.97,-1.45,0,2022-01-01 02:15:00
-10.07,-4.41,-0.02,0.0,0.03,0.0,79.81,14.96,-0.26,-40.98,-1.45,0,2022-01-01 02:16:00
-10.1,-4.45,0.06,0.01,0.0,0.0,79.81,14.96,-0.26,-40.98,-1.43,0,2022-01-01 02:17:00
-10.1,-4.45,0.06,0.01,0.0,0.0,79.81,14.96,-0.26,-40.98,-1.41,0,2022-01-01 02:18:00
-10.03,-4.47,-0.17,0.02,-0.01,0.0,79.81,14.96,-0.26,-40.98,-1.4,0,2022-01-01 02:19:00
-10.17,-4.55,0.03,-0.01,0.05,0.0,79.81,14.96,-0.26,-40.98,-1.41,0,2022-01-01 02:20:00
-10.02,-4.62,-0.02,0.0,0.01,0.0,79.81,16.57,-0.26,-40.97,-1.41,0,2022-01-01 02:21:00
-10.02,-4.62,-0.02,0.0,0.01,0.0,80.0,16.57,-0.78,-40.97,-1.4,0,2022-01-01 02:22:00
-10.05,-4.57,-0.16,0.01,-0.01,0.0,80.0,16.57,-0.78,-40.96,-1.39,0,2022-01-01 02:23:00
-10.05,-4.57,-0.16,0.01,-0.01,0.0,80.0,16.57,-0.78,-40.96,-1.38,0,2022-01-01 02:24:00
-10.19,-4.48,-0.19,0.03,-0.03,0.0,80.0,16.57,-0.78,-40.96,-1.35,0,2022-01-01 02:25:00
-10.03,-4.57,0.0,0.0,0.01,0.0,80.0,16.57,-0.78,-40.96,-1.34,0,2022-01-01 02:26:00
-10.07,-4.48,-0.14,0.0,0.0,0.0,80.0,16.21,-0.78,-40.96,-1.34,0,2022-01-01 02:27:00
-10.07,-4.48,-0.14,0.0,0.0,0.0,80.0,16.21,-0.78,-40.96,-1.33,0,2022-01-01 02:28:00
-10.1,-4.48,-0.26,0.0,-0.01,0.0,80.0,16.21,-0.78,-40.96,-1.33,0,2022-01-01 02:29:00
-10.1,-4.48,-0.26,0.0,-0.01,0.0,80.0,16.21,-0.78,-40.96,-1.33,0,2022-01-01 02:30:00
-10.11,-4.46,-0.14,0.0,0.0,0.0,80.0,16.21,-0.78,-40.96,-1.33,0,2022-01-01 02:31:00
-10.11,-4.46,-0.14,0.0,0.0,0.0,80.0,16.21,-0.78,-40.97,-1.32,0,2022-01-01 02:32:00
-10.1,-4.37,-0.1,0.02,-0.02,0.0,80.0,16.21,-0.78,-40.97,-1.3,0,2022-01-01 02:33:00
-10.14,-4.47,-0.21,0.02,-0.02,0.0,79.09,16.39,-1.3,-40.97,-1.28,0,2022-01-01 02:34:00
-10.14,-4.47,-0.21,0.02,-0.02,0.0,79.09,16.39,-1.3,-40.98,-1.26,0,2022-01-01 02:35:00
-10.08,-4.51,-0.15,0.0,0.0,0.0,79.09,16.39,-1.3,-40.98,-1.26,0,2022-01-01 02:36:00
-10.08,-4.51,-0.15,0.0,0.0,0.0,79.09,16.39,-1.3,-40.97,-1.26,0,2022-01-01 02:37:00
-10.11,-4.47,-0.07,0.0,0.01,0.0,79.09,16.39,-1.3,-40.98,-1.26,0,2022-01-01 02:38:00
-10.11,-4.47,-0.07,0.0,0.01,0.0,79.09,16.39,-1.3,-40.98,-1.26,0,2022-01-01 02:39:00
-10.11,-4.49,0.0,0.0,0.0,0.0,79.09,16.39,-1.3,-40.98,-1.24,0,2022-01-01 02:40:00
-10.11,-4.49,0.0,0.0,0.0,0.0,79.09,16.39,-1.3,-40.98,-1.23,0,2022-01-01 02:41:00
-10.07,-4.49,-0.07,0.01,0.0,0.0,79.09,16.39,-1.3,-40.98,-1.22,0,2022-01-01 02:42:00
-10.07,-4.49,-0.07,0.01,0.0,0.0,79.09,16.39,-1.3,-40.98,-1.21,0,2022-01-01 02:43:00
-10.06,-4.47,-0.05,0.01,-0.01,0.0,79.09,16.39,-1.3,-40.98,-1.19,0,2022-01-01 02:44:00
-10.1,-4.49,-0.13,0.02,-0.01,0.0,79.09,16.39,-1.3,-40.98,-1.18,0,2022-01-01 02:45:00
-10.1,-4.49,-0.13,0.02,-0.01,0.0,79.09,16.39,-1.3,-40.98,-1.16,0,2022-01-01 02:46:00
-10.1,-4.43,-0.12,0.02,0.0,0.0,79.81,16.39,-0.95,-40.98,-1.15,0,2022-01-01 02:47:00
-10.1,-4.43,-0.12,0.02,0.0,0.0,79.81,16.39,-0.95,-40.99,-1.14,0,2022-01-01 02:48:00
-10.0,-4.51,-0.14,0.01,0.0,0.0,79.81,16.39,-0.95,-40.99,-1.14,0,2022-01-01 02:49:00
-10.0,-4.51,-0.14,0.01,0.0,0.0,79.81,16.39,-0.95,-40.98,-1.13,0,2022-01-01 02:50:00
-10.1,-4.47,-0.08,0.0,0.01,0.0,79.81,16.39,-0.95,-40.98,-1.14,0,2022-01-01 02:51:00
-10.1,-4.47,-0.08,0.0,0.01,0.0,79.81,16.39,-0.95,-40.99,-1.14,0,2022-01-01 02:52:00
-10.1,-4.59,-0.06,0.0,0.01,0.0,79.81,16.39,-0.95,-40.98,-1.13,0,2022-01-01 02:53:00
-10.1,-4.59,-0.06,0.0,0.01,0.0,79.81,16.39,-0.95,-40.98,-1.13,0,2022-01-01 02:54:00
-10.15,-4.55,-0.05,0.01,0.0,0.0,79.81,16.39,-0.95,-40.98,-1.12,0,2022-01-01 02:55:00
-10.11,-4.49,-0.09,0.02,0.0,0.0,79.81,16.39,-0.95,-40.98,-1.11,0,2022-01-01 02:56:00
-10.11,-4.49,-0.09,0.02,0.0,0.0,79.81,16.39,-0.95,-40.98,-1.1,0,2022-01-01 02:57:00
-10.05,-4.46,-0.1,0.02,-0.01,0.0,80.72,15.5,-0.78,-40.98,-1.08,0,2022-01-01 02:58:00
-10.05,-4.46,-0.1,0.02,-0.01,0.0,80.72,15.5,-0.78,-40.98,-1.07,0,2022-01-01 02:59:00
-10.07,-4.38,-0.07,0.02,0.0,0.0,80.72,15.5,-0.78,-40.98,-1.06,0,2022-01-01 03:00:00
-10.07,-4.38,-0.07,0.02,0.0,0.0,80.72,15.5,-0.78,-40.99,-1.05,0,2022-01-01 03:01:00
-10.08,-4.43,0.02,0.02,0.0,0.0,80.72,15.5,-0.78,-40.99,-1.03,0,2022-01-01 03:02:00
-10.08,-4.43,0.02,0.02,0.0,0.0,80.72,15.5,-0.78,-40.99,-1.01,0,2022-01-01 03:03:00
-10.05,-4.53,-0.09,0.02,-0.01,0.0,80.72,15.5,-0.78,-40.99,-0.99,0,2022-01-01 03:04:00
-10.05,-4.53,-0.09,0.02,-0.01,0.0,80.72,15.5,-0.78,-40.99,-0.98,0,2022-01-01 03:05:00
-10.08,-4.57,-0.18,0.02,0.0,0.0,80.72,15.5,-0.78,-40.99,-0.98,0,2022-01-01 03:06:00
-10.11,-4.51,-0.11,0.01,0.01,0.0,80.72,15.5,-0.78,-40.98,-0.98,0,2022-01-01 03:07:00
-10.11,-4.51,-0.11,0.01,0.01,0.0,80.72,15.5,-0.78,-40.98,-0.98,0,2022-01-01 03:08:00
-10.11,-4.45,0.0,0.01,0.02,0.0,78.73,17.11,-1.99,-40.99,-0.98,0,2022-01-01 03:09:00
-10.11,-4.45,0.0,0.01,0.02,0.0,78.73,17.11,-1.99,-40.99,-0.98,0,2022-01-01 03:10:00
-10.09,-4.46,0.02,0.01,0.01,0.0,78.73,17.11,-1.99,-40.99,-0.97,0,2022-01-01 03:11:00
-10.09,-4.46,0.02,0.01,0.01,0.0,78.73,17.11,-1.99,-40.99,-0.96,0,2022-01-01 03:12:00
-10.09,-4.51,0.08,0.02,0.0,0.0,78.73,17.11,-1.99,-40.99,-0.94,0,2022-01-01 03:13:00
-10.09,-4.51,0.08,0.02,0.0,0.0,78.73,17.11,-1.99,-40.99,-0.92,0,2022-01-01 03:14:00
-10.16,-4.51,-0.1,0.04,-0.01,0.0,78.73,17.11,-1.99,-40.99,-0.9,0,2022-01-01 03:15:00
-10.16,-4.51,-0.1,0.04,-0.01,0.0,78.73,17.11,-1.99,-40.99,-0.88,0,2022-01-01 03:16:00
-10.13,-4.51,-0.26,0.03,0.0,0.0,78.73,17.11,-1.99,-40.99,-0.88,0,2022-01-01 03:17:00
-10.08,-4.55,-0.11,0.01,0.03,0.0,78.73,17.11,-1.99,-40.99,-0.9,0,2022-01-01 03:18:00
-10.08,-4.55,-0.11,0.01,0.03,0.0,78.73,17.11,-1.99,-40.99,-0.91,0,2022-01-01 03:19:00
-10.06,-4.53,0.12,0.0,0.03,0.0,78.38,16.39,-0.95,-40.98,-0.92,0,2022-01-01 03:20:00
-10.06,-4.53,0.12,0.0,0.03,0.0,78.38,16.39,-0.95,-40.98,-0.92,0,2022-01-01 03:21:00
-10.09,-4.53,0.02,0.02,0.0,0.0,78.38,16.39,-0.95,-40.98,-0.9,0,2022-01-01 03:22:00
-10.09,-4.53,0.02,0.02,0.0,0.0,78.38,16.39,-0.95,-40.98,-0.89,0,2022-01-01 03:23:00
-10.08,-4.48,-0.2,0.02,-0.01,0.0,78.38,16.39,-0.95,-40.98,-0.88,0,2022-01-01 03:24:00
-10.08,-4.48,-0.2,0.02,-0.01,0.0,78.38,16.39,-0.95,-40.98,-0.87,0,2022-01-01 03:25:00
-10.08,-4.5,-0.24,0.01,0.0,0.0,78.38,16.39,-0.95,-40.98,-0.88,0,2022-01-01 03:26:00
-10.08,-4.5,-0.24,0.01,0.0,0.0,78.38,16.39,-0.95,-40.98,-0.88,0,2022-01-01 03:27:00
-10.06,-4.5,-0.05,0.0,0.03,0.0,78.38,16.39,-0.95,-40.98,-0.9,0,2022-01-01 03:28:00
-10.11,-4.47,0.25,-0.01,0.02,0.0,78.38,16.39,-0.95,-40.98,-0.89,0,2022-01-01 03:29:00
-10.11,-4.47,0.25,-0.01,0.02,0.0,78.38,16.39,-0.95,-40.98,-0.88,0,2022-01-01 03:30:00
-10.02,-4.53,-0.12,0.0,0.0,0.0,79.28,15.14,-0.43,-40.98,-0.87,0,2022-01-01 03:31:00
-10.02,-4.53,-0.12,0.0,0.0,0.0,79.28,15.14,-0.43,-40.97,-0.87,0,2022-01-01 03:32:00
-10.16,-4.46,-0.15,0.0,0.0,0.0,79.28,15.14,-0.43,-40.98,-0.88,0,2022-01-01 03:33:00
-10.16,-4.46,-0.15,0.0,0.0,0.0,79.28,15.14,-0.43,-40.98,-0.88,0,2022-01-01 03:34:00
-10.11,-4.65,-0.09,0.0,0.0,0.0,79.28,15.14,-0.43,-40.97,-0.87,0,2022-01-01 03:35:00
-10.11,-4.65,-0.09,0.0,0.0,0.0,79.28,15.14,-0.43,-40.97,-0.87,0,2022-01-01 03:36:00
-10.05,-4.59,-0.03,0.0,0.0,0.0,79.28,15.14,-0.43,-40.96,-0.87,0,2022-01-01 03:37:00
-10.05,-4.59,-0.03,0.0,0.0,0.0,79.28,15.14,-0.43,-40.96,-0.86,0,2022-01-01 03:38:00
-10.05,-4.55,-0.03,0.0,0.0,0.0,79.28,15.14,-0.43,-40.95,-0.85,0,2022-01-01 03:39:00
-10.13,-4.4,-0.22,0.0,0.0,0.0,79.28,15.14,-0.43,-40.96,-0.86,0,2022-01-01 03:40:00
-10.13,-4.4,-0.22,0.0,0.0,0.0,79.28,15.14,-0.43,-40.96,-0.87,0,2022-01-01 03:41:00
-10.1,-4.49,0.02,0.0,0.01,0.0,80.0,14.78,-1.82,-40.97,-0.86,0,2022-01-01 03:42:00
-10.1,-4.49,0.02,0.0,0.01,0.0,80.0,14.78,-1.82,-40.97,-0.86,0,2022-01-01 03:43:00
-10.01,-4.63,0.0,0.01,0.0,0.0,80.0,14.78,-1.82,-40.96,-0.85,0,2022-01-01 03:44:00
-10.01,-4.63,0.0,0.01,0.0,0.0,80.0,14.78,-1.82,-40.95,-0.83,0,2022-01-01 03:45:00
-10.02,-4.58,-0.2,0.01,0.0,0.0,80.0,14.78,-1.82,-40.95,-0.84,0,2022-01-01 03:46:00
-10.02,-4.58,-0.2,0.01,0.0,0.0,80.0,14.78,-1.82,-40.94,-0.84,0,2022-01-01 03:47:00
-10.16,-4.48,-0.08,0.01,0.02,0.0,80.0,14.78,-1.82,-40.94,-0.85,0,2022-01-01 03:48:00
-10.16,-4.48,-0.08,0.01,0.02,0.0,80.0,14.78,-1.82,-40.94,-0.85,0,2022-01-01 03:49:00
-10.17,-4.42,0.03,0.0,0.02,0.0,80.0,14.78,-1.82,-40.95,-0.86,0,2022-01-01 03:50:00
-10.06,-4.51,0.03,0.01,0.01,0.0,80.0,14.78,-1.82,-40.95,-0.85,0,2022-01-01 03:51:00
-10.06,-4.51,0.03,0.01,0.01,0.0,80.0,14.78,-1.82,-40.95,-0.84,0,2022-01-01 03:52:00
-10.03,-4.51,0.04,0.02,0.0,0.0,78.38,15.32,0.08,-40.95,-0.83,0,2022-01-01 03:53:00
-10.03,-4.51,0.04,0.02,0.0,0.0,78.38,15.32,0.08,-40.95,-0.81,0,2022-01-01 03:54:00
-10.11,-4.4,-0.24,0.03,-0.01,0.0,78.38,15.32,0.08,-40.95,-0.8,0,2022-01-01 03:55:00
-10.11,-4.4,-0.24,0.03,-0.01,0.0,78.38,15.32,0.08,-40.96,-0.8,0,2022-01-01 03:56:00
-10.07,-4.42,-0.32,0.01,0.01,0.0,78.38,15.32,0.08,-40.96,-0.82,0,2022-01-01 03:57:00
-10.07,-4.42,-0.32,0.01,0.01,0.0,78.38,15.32,0.08,-40.96,-0.83,0,2022-01-01 03:58:00
-10.08,-4.5,-0.02,0.0,0.04,0.0,78.38,15.32,0.08,-40.96,-0.85,0,2022-01-01 03:59:00
-10.08,-4.5,-0.02,0.0,0.04,0.0,78.38,15.32,0.08,-40.96,-0.87,0,2022-01-01 04:00:00
-10.02,-4.57,0.08,0.0,0.03,0.0,78.38,15.32,0.08,-40.95,-1.0,0,2022-01-01 04:01:00
-10.08,-4.53,0.11,0.0,0.0,0.0,78.38,15.32,0.08,-40.95,-0.98,0,2022-01-01 04:02:00
-10.08,-4.53,0.11,0.0,0.0,0.0,78.38,15.32,0.08,-40.95,-0.97,0,2022-01-01 04:03:00
-10.13,-4.44,-0.16,0.02,-0.02,0.0,79.09,16.04,-0.6,-40.96,-0.94,0,2022-01-01 04:04:00
-10.13,-4.44,-0.16,0.02,-0.02,0.0,79.09,16.04,-0.6,-40.96,-0.93,0,2022-01-01 04:05:00
-10.14,-4.48,-0.28,0.01,-0.02,0.0,79.09,16.04,-0.6,-40.96,-0.92,0,2022-01-01 04:06:00
-10.17,-4.46,0.0,0.0,0.01,0.01,79.09,16.04,-0.6,-40.97,-0.92,0,2022-01-01 04:07:00
-10.06,-4.44,-0.11,0.0,0.0,0.0,79.09,16.04,-0.6,-40.97,-0.92,0,2022-01-01 04:08:00
-10.06,-4.44,-0.11,0.0,0.0,0.0,79.09,16.04,-0.6,-40.98,-0.92,0,2022-01-01 04:09:00
-10.05,-4.57,-0.16,0.0,0.0,0.0,80.36,16.93,-0.08,-40.97,-0.92,0,2022-01-01 04:10:00
-10.05,-4.57,-0.16,0.0,0.0,0.0,80.36,16.93,-0.08,-40.97,-0.92,0,2022-01-01 04:11:00
-10.02,-4.55,-0.1,-0.01,0.02,0.0,80.36,16.93,-0.08,-40.96,-0.95,0,2022-01-01 04:12:00
-10.02,-4.55,-0.1,-0.01,0.02,0.0,80.36,16.93,-0.08,-40.96,-0.97,0,2022-01-01 04:13:00
-10.11,-4.51,-0.03,-0.01,0.02,0.0,80.36,16.93,-0.08,-40.96,-1.04,0,2022-01-01 04:14:00
-10.11,-4.51,-0.03,-0.01,0.02,0.0,80.36,16.93,-0.08,-40.96,-1.05,0,2022-01-01 04:15:00
-10.03,-4.46,0.27,0.0,0.0,0.0,80.36,16.93,-0.08,-40.96,-1.02,0,2022-01-01 04:16:00
-10.03,-4.46,0.27,0.0,0.0,0.0,80.36,16.93,-0.08,-40.96,-0.99,0,2022-01-01 04:17:00
-10.03,-4.49,-0.18,0.01,-0.02,0.0,80.36,16.93,-0.08,-40.96,-0.98,0,2022-01-01 04:18:00
-10.03,-4.49,-0.18,0.01,-0.02,0.0,80.36,16.93,-0.08,-40.96,-0.96,0,2022-01-01 04:19:00
-10.14,-4.51,-0.35,0.01,0.0,0.0,80.36,16.93,-0.08,-40.96,-0.97,0,2022-01-01 04:20:00
-10.08,-4.65,-0.02,0.0,0.03,0.0,80.36,14.06,-1.12,-40.95,-0.99,0,2022-01-01 04:21:00
-10.06,-4.58,-0.02,0.0,0.01,0.0,80.36,14.06,-1.12,-40.95,-0.99,0,2022-01-01 04:22:00
-10.06,-4.58,-0.02,0.0,0.01,0.0,80.36,14.06,-1.12,-40.94,-0.99,0,2022-01-01 04:23:00
-10.16,-4.48,-0.06,0.01,0.0,0.01,80.36,14.06,-1.12,-40.95,-0.98,0,2022-01-01 04:24:00
-10.16,-4.48,-0.06,0.01,0.0,0.01,80.36,14.06,-1.12,-40.96,-0.97,0,2022-01-01 04:25:00
-10.1,-4.48,-0.09,0.01,0.0,0.0,80.36,14.06,-1.12,-40.96,-0.96,0,2022-01-01 04:26:00
-10.1,-4.48,-0.09,0.01,0.0,0.0,80.36,14.06,-1.12,-40.96,-0.96,0,2022-01-01 04:27:00
-10.03,-4.49,-0.19,0.0,0.01,0.0,80.36,14.06,-1.12,-40.96,-0.97,0,2022-01-01 04:28:00
-10.03,-4.49,-0.19,0.0,0.01,0.0,80.36,14.06,-1.12,-40.96,-0.98,0,2022-01-01 04:29:00
-10.01,-4.51,0.08,0.0,0.02,0.0,80.36,15.14,-1.12,-40.96,-0.97,0,2022-01-01 04:30:00
-10.01,-4.51,0.08,0.0,0.02,0.0,80.36,15.14,-1.12,-40.95,-0.98,0,2022-01-01 04:31:00
-10.1,-4.43,-0.12,0.01,0.0,0.01,80.36,15.14,-1.12,-40.96,-0.97,0,2022-01-01 04:32:00
-10.1,-4.43,-0.12,0.01,0.0,0.01,80.36,15.14,-1.12,-40.97,-0.97,0,2022-01-01 04:33:00
-10.19,-4.44,-0.32,0.01,0.0,0.0,80.36,15.14,-1.12,-40.98,-0.98,0,2022-01-01 04:34:00
-10.19,-4.44,-0.32,0.01,0.0,0.0,80.36,15.14,-1.12,-40.98,-0.99,0,2022-01-01 04:35:00
-10.07,-4.55,-0.11,0.0,0.03,0.0,80.36,15.14,-1.12,-40.98,-1.0,0,2022-01-01 04:36:00
-10.07,-4.55,-0.11,0.0,0.03,0.0,80.36,15.14,-1.12,-40.98,-1.02,0,2022-01-01 04:37:00
-10.01,-4.51,0.21,0.0,0.03,0.0,80.36,15.14,-1.12,-40.97,-1.02,0,2022-01-01 04:38:00
-10.13,-4.46,0.0,0.01,0.0,0.0,80.36,15.14,-1.12,-40.98,-1.01,0,2022-01-01 04:39:00
-10.13,-4.46,0.0,0.01,0.0,0.0,80.36,15.14,-1.12,-40.98,-0.99,0,2022-01-01 04:40:00
-10.1,-4.43,-0.22,0.02,-0.01,0.0,79.28,15.5,-0.78,-40.98,-0.99,0,2022-01-01 04:41:00
-10.1,-4.43,-0.22,0.02,-0.01,0.0,79.28,15.5,-0.78,-40.98,-0.98,0,2022-01-01 04:42:00
-10.08,-4.59,-0.21,0.01,0.0,0.0,79.28,15.5,-0.78,-40.98,-0.98,0,2022-01-01 04:43:00
-10.08,-4.59,-0.21,0.01,0.0,0.0,79.28,15.5,-0.78,-40.98,-0.98,0,2022-01-01 04:44:00
-10.11,-4.5,0.05,0.0,0.01,0.0,79.28,15.5,-0.78,-40.98,-0.97,0,2022-01-01 04:45:00
-10.11,-4.5,0.05,0.0,0.01,0.0,79.28,15.5,-0.78,-40.98,-0.97,0,2022-01-01 04:46:00
-10.11,-4.45,-0.02,0.0,0.01,0.0,79.28,15.5,-0.78,-40.98,-0.96,0,2022-01-01 04:47:00
-10.11,-4.45,-0.02,0.0,0.01,0.0,79.28,15.5,-0.78,-40.98,-0.96,0,2022-01-01 04:48:00
-10.19,-4.5,-0.07,0.01,0.0,0.0,79.28,15.5,-0.78,-40.98,-0.95,0,2022-01-01 04:49:00
-10.02,-4.59,-0.05,0.0,0.01,0.0,79.28,15.5,-0.78,-40.98,-0.95,0,2022-01-01 04:50:00
-10.02,-4.59,-0.05,0.0,0.01,0.0,79.28,15.5,-0.78,-40.97,-0.95,0,2022-01-01 04:51:00
-10.0,-4.55,-0.03,0.0,0.01,0.0,80.54,16.75,-1.3,-40.97,-0.95,0,2022-01-01 04:52:00
-10.0,-4.55,-0.03,0.0,0.01,0.0,80.54,16.75,-1.3,-40.96,-0.95,0,2022-01-01 04:53:00
-10.05,-4.48,0.07,0.0,0.0,0.0,80.54,16.75,-1.3,-40.96,-0.94,0,2022-01-01 04:54:00
-10.05,-4.48,0.07,0.0,0.0,0.0,80.54,16.75,-1.3,-40.96,-0.92,0,2022-01-01 04:55:00
-10.14,-4.38,-0.15,0.01,-0.02,0.0,80.54,16.75,-1.3,-40.97,-0.91,0,2022-01-01 04:56:00
-10.14,-4.38,-0.15,0.01,-0.02,0.0,80.54,16.75,-1.3,-40.98,-0.89,0,2022-01-01 04:57:00
-10.11,-4.45,-0.31,0.0,0.0,0.0,80.54,16.75,-1.3,-40.98,-0.9,0,2022-01-01 04:58:00
-10.11,-4.45,-0.31,0.0,0.0,0.0,80.54,16.75,-1.3,-40.98,-0.92,0,2022-01-01 04:59:00
-10.02,-4.57,-0.03,-0.01,0.03,0.0,80.54,16.75,-1.3,-40.98,-0.95,0,2022-01-01 05:00:00
-10.0,-4.59,0.19,0.0,0.02,0.0,80.54,16.75,-1.3,-40.97,-1.0,0,2022-01-01 05:01:00
-10.0,-4.59,0.19,0.0,0.02,0.0,80.54,16.75,-1.3,-40.96,-0.99,0,2022-01-01 05:02:00
-10.11,-4.51,-0.06,0.01,-0.01,0.0,77.11,14.78,-0.78,-40.96,-0.98,0,2022-01-01 05:03:00
-10.11,-4.51,-0.06,0.01,-0.01,0.0,77.11,14.78,-0.78,-40.96,-0.96,0,2022-01-01 05:04:00
-10.13,-4.48,-0.28,0.02,-0.01,0.0,77.11,14.78,-0.78,-40.96,-0.96,0,2022-01-01 05:05:00
-10.13,-4.48,-0.28,0.02,-0.01,0.0,77.11,14.78,-0.78,-40.97,-0.96,0,2022-01-01 05:06:00
-10.13,-4.51,-0.14,0.0,0.02,0.0,77.11,14.78,-0.78,-40.97,-0.97,0,2022-01-01 05:07:00
-10.08,-4.45,0.05,0.01,0.0,0.0,77.11,14.78,-0.78,-40.97,-0.96,0,2022-01-01 05:08:00
-10.15,-4.44,-0.31,0.02,-0.01,0.0,77.11,14.78,-0.78,-40.97,-0.96,0,2022-01-01 05:09:00
-10.15,-4.44,-0.31,0.02,-0.01,0.0,77.11,14.78,-0.78,-40.98,-0.96,0,2022-01-01 05:10:00
-10.09,-4.54,-0.35,0.0,0.01,0.0,79.09,15.32,-0.26,-40.97,-0.98,0,2022-01-01 05:11:00
-10.09,-4.54,-0.35,0.0,0.01,0.0,79.09,15.32,-0.26,-40.97,-1.0,0,2022-01-01 05:12:00
-10.05,-4.54,0.13,0.0,0.04,0.0,79.09,15.32,-0.26,-40.97,-1.03,0,2022-01-01 05:13:00
-10.05,-4.54,0.13,0.0,0.04,0.0,79.09,15.32,-0.26,-40.97,-1.04,0,2022-01-01 05:14:00
-10.01,-4.47,0.06,0.0,0.02,0.0,79.09,15.32,-0.26,-40.96,-1.04,0,2022-01-01 05:15:00
-10.01,-4.47,0.06,0.0,0.02,0.0,79.09,15.32,-0.26,-40.96,-1.04,0,2022-01-01 05:16:00
-10.11,-4.41,-0.11,0.02,0.0,0.0,79.09,15.32,-0.26,-40.97,-1.03,0,2022-01-01 05:17:00
-10.11,-4.41,-0.11,0.02,0.0,0.0,79.09,15.32,-0.26,-40.97,-1.02,0,2022-01-01 05:18:00
-10.13,-4.46,-0.14,0.01,0.0,0.0,79.09,15.32,-0.26,-40.98,-1.02,0,2022-01-01 05:19:00
-10.09,-4.55,0.03,0.0,0.0,0.0,79.09,15.32,-0.26,-40.97,-1.0,0,2022-01-01 05:20:00
-10.09,-4.55,0.03,0.0,0.0,0.0,79.09,15.32,-0.26,-40.97,-0.99,0,2022-01-01 05:21:00
-10.03,-4.5,0.0,0.01,0.0,0.0,79.45,15.32,-0.6,-40.97,-0.98,0,2022-01-01 05:22:00
-10.03,-4.5,0.0,0.01,0.0,0.0,79.45,15.32,-0.6,-40.97,-0.97,0,2022-01-01 05:23:00
-10.06,-4.51,-0.3,0.02,0.0,0.0,79.45,15.32,-0.6,-40.97,-0.96,0,2022-01-01 05:24:00
-10.06,-4.51,-0.3,0.02,0.0,0.0,79.45,15.32,-0.6,-40.97,-0.97,0,2022-01-01 05:25:00
-10.19,-4.4,-0.13,0.01,0.01,0.0,79.45,15.32,-0.6,-40.97,-0.97,0,2022-01-01 05:26:00
-10.19,-4.4,-0.13,0.01,0.01,0.0,79.45,15.32,-0.6,-40.98,-0.97,0,2022-01-01 05:27:00
-10.13,-4.7,0.0,0.0,0.02,0.0,79.45,15.32,-0.6,-40.97,-0.98,0,2022-01-01 05:28:00
-10.13,-4.7,0.0,0.0,0.02,0.0,79.45,15.32,-0.6,-40.96,-0.98,0,2022-01-01 05:29:00
-9.98,-4.59,-0.02,0.0,0.01,0.0,79.45,15.32,-0.6,-40.95,-0.98,0,2022-01-01 05:30:00
-10.02,-4.51,0.0,0.01,0.0,0.0,79.45,15.32,-0.6,-40.95,-0.97,0,2022-01-01 05:31:00
-10.02,-4.51,0.0,0.01,0.0,0.0,79.45,15.32,-0.6,-40.95,-0.95,0,2022-01-01 05:32:00
-10.19,-4.38,0.0,0.02,-0.01,0.0,79.28,15.5,-0.78,-40.96,-0.93,0,2022-01-01 05:33:00
-10.19,-4.38,0.0,0.02,-0.01,0.0,79.28,15.5,-0.78,-40.97,-0.91,0,2022-01-01 05:34:00
-10.15,-4.42,-0.21,0.02,-0.02,0.0,79.28,15.5,-0.78,-40.97,-0.87,0,2022-01-01 05:35:00
-10.15,-4.42,-0.21,0.02,-0.02,0.0,79.28,15.5,-0.78,-40.98,-0.86,0,2022-01-01 05:36:00
-10.02,-4.55,-0.21,0.0,0.0,0.0,79.28,15.5,-0.78,-40.97,-0.86,0,2022-01-01 05:37:00
-10.02,-4.55,-0.21,0.0,0.0,0.0,79.28,15.5,-0.78,-40.97,-0.87,0,2022-01-01 05:38:00
-10.02,-4.57,-0.02,0.0,0.03,0.0,79.28,15.5,-0.78,-40.96,-0.88,0,2022-01-01 05:39:00
-10.02,-4.57,-0.02,0.0,0.03,0.0,79.28,15.5,-0.78,-40.96,-0.89,0,2022-01-01 05:40:00
-10.09,-4.49,0.1,0.0,0.02,0.0,79.28,15.5,-0.78,-40.96,-0.9,0,2022-01-01 05:41:00
-10.19,-4.5,0.03,0.01,0.0,0.0,79.28,15.5,-0.78,-40.96,-0.88,0,2022-01-01 05:42:00
-10.19,-4.5,0.03,0.01,0.0,0.0,79.28,15.5,-0.78,-40.96,-0.87,0,2022-01-01 05:43:00
-10.1,-4.55,-0.07,0.02,-0.01,0.0,79.28,15.5,-0.78,-40.96,-0.85,0,2022-01-01 05:44:00
-10.1,-4.55,-0.07,0.02,-0.01,0.0,79.28,15.5,-0.78,-40.96,-0.84,0,2022-01-01 05:45:00
-10.05,-4.54,-0.19,0.01,0.0,0.0,76.93,16.39,0.78,-40.96,-0.84,0,2022-01-01 05:46:00
-10.05,-4.54,-0.19,0.01,0.0,0.0,76.93,16.39,0.78,-40.95,-0.84,0,2022-01-01 05:47:00
-10.13,-4.48,0.0,0.0,0.02,0.0,76.93,16.39,0.78,-40.96,-0.84,0,2022-01-01 05:48:00
-10.13,-4.48,0.0,0.0,0.02,0.0,76.93,16.39,0.78,-40.96,-0.85,0,2022-01-01 05:49:00
-10.14,-4.42,-0.11,0.0,0.01,0.0,76.93,16.39,0.78,-40.96,-0.85,0,2022-01-01 05:50:00
-10.14,-4.42,-0.11,0.0,0.01,0.0,76.93,16.39,0.78,-40.97,-0.86,0,2022-01-01 05:51:00
-10.07,-4.47,-0.08,0.0,0.01,0.0,76.93,16.39,0.78,-40.97,-0.86,0,2022-01-01 05:52:00
-10.08,-4.51,0.03,0.0,0.01,0.0,76.93,16.39,0.78,-40.97,-0.86,0,2022-01-01 05:53:00
-10.08,-4.51,0.03,0.0,0.01,0.0,76.93,16.39,0.78,-40.97,-0.86,0,2022-01-01 05:54:00
-10.06,-4.47,-0.09,0.0,0.01,0.0,76.93,16.39,0.78,-40.97,-0.86,0,2022-01-01 05:55:00
-10.06,-4.47,-0.09,0.0,0.01,0.0,76.93,16.39,0.78,-40.97,-0.86,0,2022-01-01 05:56:00
-10.07,-4.51,-0.03,0.0,0.0,0.0,77.84,15.5,0.26,-40.97,-0.86,0,2022-01-01 05:57:00
-10.07,-4.51,-0.03,0.0,0.0,0.0,77.84,15.5,0.26,-40.97,-0.85,0,2022-01-01 05:58:00
-10.08,-4.47,-0.13,0.01,0.0,0.0,77.84,15.5,0.26,-40.97,-0.85,0,2022-01-01 05:59:00
-10.08,-4.47,-0.13,0.01,0.0,0.0,77.84,15.5,0.26,-40.97,-0.85,0,2022-01-01 06:00:00
-10.16,-4.5,-0.2,0.0,0.01,0.0,77.84,15.5,0.26,-40.97,-0.86,0,2022-01-01 06:01:00
-10.16,-4.5,-0.2,0.0,0.01,0.0,77.84,15.5,0.26,-40.97,-0.87,0,2022-01-01 06:02:00
-10.15,-4.48,0.02,0.0,0.03,0.0,77.84,15.5,0.26,-40.97,-0.88,0,2022-01-01 06:03:00
-10.11,-4.47,0.11,0.0,0.01,0.0,77.84,15.5,0.26,-40.97,-0.87,0,2022-01-01 06:04:00
-10.11,-4.47,0.11,0.0,0.01,0.0,77.84,15.5,0.26,-40.98,-0.86,0,2022-01-01 06:05:00
-10.01,-4.51,0.01,0.0,0.0,0.0,77.84,15.5,0.26,-40.97,-0.85,0,2022-01-01 06:06:00
-10.01,-4.51,0.01,0.0,0.0,0.0,77.84,15.5,0.26,-40.97,-0.84,0,2022-01-01 06:07:00
-10.13,-4.53,-0.2,0.01,0.0,0.01,80.36,16.93,-0.43,-40.98,-0.84,0,2022-01-01 06:08:00
-10.13,-4.53,-0.2,0.01,0.0,0.01,80.36,16.93,-0.43,-40.99,-0.85,0,2022-01-01 06:09:00
-10.11,-4.57,-0.22,0.0,0.0,0.0,80.36,16.93,-0.43,-40.99,-0.85,0,2022-01-01 06:10:00
-10.11,-4.57,-0.22,0.0,0.0,0.0,80.36,16.93,-0.43,-40.98,-0.86,0,2022-01-01 06:11:00
-10.11,-4.47,0.06,0.0,0.02,0.0,80.36,16.93,-0.43,-40.98,-0.86,0,2022-01-01 06:12:00
-10.11,-4.47,0.06,0.0,0.02,0.0,80.36,16.93,-0.43,-40.99,-0.86,0,2022-01-01 06:13:00
-10.02,-4.5,0.0,0.0,0.0,0.0,80.36,16.93,-0.43,-40.98,-0.85,0,2022-01-01 06:14:00
-10.06,-4.4,0.0,0.01,0.0,0.0,80.36,16.93,-0.43,-40.99,-0.84,0,2022-01-01 06:15:00
-10.06,-4.4,0.0,0.01,0.0,0.0,80.36,16.93,-0.43,-40.99,-0.83,0,2022-01-01 06:16:00
-10.15,-4.44,-0.09,0.01,-0.01,0.0,80.36,16.93,-0.43,-41.0,-0.82,0,2022-01-01 06:17:00
-10.15,-4.44,-0.09,0.01,-0.01,0.0,80.36,16.93,-0.43,-41.0,-0.81,0,2022-01-01 06:18:00
-10.08,-4.55,-0.08,0.01,0.0,0.0,80.18,15.32,-1.3,-41.0,-0.8,0,2022-01-01 06:19:00
-10.08,-4.55,-0.08,0.01,0.0,0.0,80.18,15.32,-1.3,-40.99,-0.79,0,2022-01-01 06:20:00
-10.03,-4.62,-0.14,0.0,0.0,0.0,80.18,15.32,-1.3,-40.99,-0.79,0,2022-01-01 06:21:00
-10.03,-4.62,-0.14,0.0,0.0,0.0,80.18,15.32,-1.3,-40.98,-0.79,0,2022-01-01 06:22:00
-10.1,-4.51,0.08,0.0,0.01,0.0,80.18,15.32,-1.3,-40.98,-0.79,0,2022-01-01 06:23:00
-10.1,-4.51,0.08,0.0,0.01,0.0,80.18,15.32,-1.3,-40.98,-0.78,0,2022-01-01 06:24:00
-10.11,-4.44,0.01,0.01,0.0,0.0,80.18,15.32,-1.3,-40.98,-0.77,0,2022-01-01 06:25:00
-10.11,-4.49,-0.12,0.01,0.0,0.0,80.18,15.32,-1.3,-40.98,-0.77,0,2022-01-01 06:26:00
-10.11,-4.49,-0.12,0.01,0.0,0.0,80.18,15.32,-1.3,-40.98,-0.76,0,2022-01-01 06:27:00
-10.11,-4.44,-0.09,0.0,0.01,0.0,80.18,15.32,-1.3,-40.99,-0.77,0,2022-01-01 06:28:00
-10.11,-4.44,-0.09,0.0,0.01,0.0,80.18,15.32,-1.3,-40.99,-0.77,0,2022-01-01 06:29:00
-10.13,-4.45,0.12,0.0,0.01,0.0,79.45,14.96,-0.26,-40.99,-0.77,0,2022-01-01 06:30:00
-10.13,-4.45,0.12,0.0,0.01,0.0,79.45,14.96,-0.26,-40.99,-0.76,0,2022-01-01 06:31:00
-10.02,-4.47,-0.06,0.01,0.0,0.0,79.45,14.96,-0.26,-40.99,-0.76,0,2022-01-01 06:32:00
-10.02,-4.47,-0.06,0.01,0.0,0.0,79.45,14.96,-0.26,-40.99,-0.75,0,2022-01-01 06:33:00
-10.02,-4.5,-0.2,0.02,0.0,0.0,79.45,14.96,-0.26,-40.99,-0.75,0,2022-01-01 06:34:00
-10.02,-4.5,-0.2,0.02,0.0,0.0,79.45,14.96,-0.26,-40.99,-0.75,0,2022-01-01 06:35:00
-10.09,-4.48,-0.11,0.0,0.01,0.0,79.45,14.96,-0.26,-40.99,-0.76,0,2022-01-01 06:36:00
-10.14,-4.49,0.14,0.0,0.02,0.0,79.45,14.96,-0.26,-40.99,-0.76,0,2022-01-01 06:37:00
-10.14,-4.49,0.14,0.0,0.02,0.0,79.45,14.96,-0.26,-40.99,-0.75,0,2022-01-01 06:38:00
-10.16,-4.47,0.06,0.01,0.0,0.0,79.45,14.96,-0.26,-41.0,-0.74,0,2022-01-01 06:39:00
-10.16,-4.47,0.06,0.01,0.0,0.0,79.45,14.96,-0.26,-41.0,-0.73,0,2022-01-01 06:40:00
-10.1,-4.49,-0.12,0.02,0.0,0.0,80.0,16.57,-1.47,-41.0,-0.71,0,2022-01-01 06:41:00
-10.1,-4.49,-0.12,0.02,0.0,0.0,80.0,16.57,-1.47,-41.0,-0.71,0,2022-01-01 06:42:00
-10.1,-4.51,-0.15,0.02,0.0,0.0,80.0,16.57,-1.47,-41.0,-0.71,0,2022-01-01 06:43:00
-10.1,-4.51,-0.15,0.02,0.0,0.0,80.0,16.57,-1.47,-41.0,-0.7,0,2022-01-01 06:44:00
-10.11,-4.51,-0.06,0.01,0.0,0.0,80.0,16.57,-1.47,-41.0,-0.7,0,2022-01-01 06:45:00
-10.11,-4.51,-0.06,0.01,0.0,0.0,80.0,16.57,-1.47,-41.0,-0.69,0,2022-01-01 06:46:00
-10.07,-4.51,-0.17,0.01,0.01,0.0,80.0,16.57,-1.47,-40.99,-0.7,0,2022-01-01 06:47:00
-10.08,-4.45,0.15,0.0,0.02,0.0,80.0,16.57,-1.47,-41.0,-0.7,0,2022-01-01 06:48:00
-10.08,-4.45,0.15,0.0,0.02,0.0,80.0,16.57,-1.47,-41.0,-0.69,0,2022-01-01 06:49:00
-10.14,-4.54,0.02,0.0,0.0,0.0,80.0,16.57,-1.47,-41.0,-0.69,0,2022-01-01 06:50:00
-10.14,-4.54,0.02,0.0,0.0,0.0,80.0,16.57,-1.47,-41.0,-0.68,0,2022-01-01 06:51:00
-10.05,-4.55,-0.23,0.01,0.0,0.0,79.81,14.6,-0.26,-40.99,-0.66,0,2022-01-01 06:52:00
-10.05,-4.55,-0.23,0.01,0.0,0.0,79.81,14.6,-0.26,-40.99,-0.67,0,2022-01-01 06:53:00
-10.02,-4.51,-0.21,0.0,0.0,0.0,79.81,14.6,-0.26,-40.99,-0.68,0,2022-01-01 06:54:00
-10.02,-4.51,-0.21,0.0,0.0,0.0,79.81,14.6,-0.26,-40.98,-0.68,0,2022-01-01 06:55:00
-10.03,-4.44,-0.07,0.0,0.02,-0.01,79.81,14.6,-0.26,-40.98,-0.69,0,2022-01-01 06:56:00
-10.03,-4.44,-0.07,0.0,0.02,-0.01,79.81,14.6,-0.26,-40.98,-0.7,0,2022-01-01 06:57:00
-10.13,-4.43,0.23,0.0,0.02,-0.01,79.81,14.6,-0.26,-40.97,-0.69,0,2022-01-01 06:58:00
-10.11,-4.55,-0.22,0.0,0.01,0.0,80.36,15.14,-0.08,-40.97,-0.71,0,2022-01-01 06:59:00
-10.08,-4.5,0.01,0.0,0.03,0.0,80.36,15.14,-0.08,-40.97,-0.72,0,2022-01-01 07:00:00
-10.08,-4.5,0.01,0.0,0.03,0.0,80.36,15.14,-0.08,-40.97,-0.73,0,2022-01-01 07:01:00
-10.11,-4.53,0.27,0.0,0.01,0.0,80.36,15.14,-0.08,-40.97,-0.71,0,2022-01-01 07:02:00
-10.11,-4.53,0.27,0.0,0.01,0.0,80.36,15.14,-0.08,-40.97,-0.69,0,2022-01-01 07:03:00
-10.09,-4.53,0.01,0.02,-0.01,0.0,80.36,15.14,-0.08,-40.97,-0.66,0,2022-01-01 07:04:00
-10.09,-4.53,0.01,0.02,-0.01,0.0,80.36,15.14,-0.08,-40.97,-0.64,0,2022-01-01 07:05:00
-10.1,-4.5,-0.25,0.02,-0.01,0.0,80.36,15.14,-0.08,-40.97,-0.64,0,2022-01-01 07:06:00
-10.1,-4.5,-0.25,0.02,-0.01,0.0,80.36,15.14,-0.08,-40.97,-0.64,0,2022-01-01 07:07:00
-10.08,-4.51,-0.08,0.0,0.01,0.0,80.36,15.14,-0.08,-40.97,-0.65,0,2022-01-01 07:08:00
-10.08,-4.51,-0.08,0.0,0.01,0.0,80.36,15.14,-0.08,-40.97,-0.65,0,2022-01-01 07:09:00
-10.09,-4.5,0.03,0.0,0.02,0.0,80.54,15.32,-1.64,-40.96,-0.74,0,2022-01-01 07:10:00
-10.08,-4.41,0.1,0.0,0.01,0.0,80.54,15.32,-1.64,-40.97,-0.74,0,2022-01-01 07:11:00
-10.08,-4.41,0.1,0.0,0.01,0.0,80.54,15.32,-1.64,-40.97,-0.73,0,2022-01-01 07:12:00
-10.05,-4.49,-0.04,0.01,0.0,0.0,80.54,15.32,-1.64,-40.97,-0.72,0,2022-01-01 07:13:00
-10.05,-4.49,-0.04,0.01,0.0,0.0,80.54,15.32,-1.64,-40.97,-0.71,0,2022-01-01 07:14:00
-10.07,-4.53,-0.05,0.01,0.0,0.0,80.54,15.32,-1.64,-40.97,-0.71,0,2022-01-01 07:15:00
-10.07,-4.53,-0.05,0.01,0.0,0.0,80.54,15.32,-1.64,-40.97,-0.7,0,2022-01-01 07:16:00
-10.1,-4.53,0.02,0.0,0.02,0.0,80.36,17.29,-1.47,-40.97,-0.71,0,2022-01-01 07:17:00
-10.1,-4.48,0.08,0.0,0.01,0.0,80.36,17.29,-1.47,-40.97,-0.7,0,2022-01-01 07:18:00
-10.1,-4.48,0.08,0.0,0.01,0.0,80.36,17.29,-1.47,-40.97,-0.69,0,2022-01-01 07:19:00
-9.99,-4.51,-0.1,0.0,0.0,0.0,80.36,17.29,-1.47,-40.97,-0.69,0,2022-01-01 07:20:00
-9.99,-4.51,-0.1,0.0,0.0,0.0,80.36,17.29,-1.47,-40.96,-0.69,0,2022-01-01 07:21:00
-10.15,-4.48,0.0,0.0,0.0,0.0,80.36,17.29,-1.47,-40.97,-0.69,0,2022-01-01 07:22:00
-10.15,-4.48,0.0,0.0,0.0,0.0,80.36,17.29,-1.47,-40.97,-0.68,0,2022-01-01 07:23:00
-10.1,-4.51,-0.11,0.0,0.0,0.0,80.36,17.29,-1.47,-40.97,-0.68,0,2022-01-01 07:24:00
-10.1,-4.51,-0.11,0.0,0.0,0.0,80.36,17.29,-1.47,-40.97,-0.68,0,2022-01-01 07:25:00
-10.06,-4.55,-0.09,0.0,0.0,0.0,80.36,17.29,-1.47,-40.96,-0.68,0,2022-01-01 07:26:00
-10.06,-4.55,-0.09,0.0,0.0,0.0,80.36,17.29,-1.47,-40.96,-0.68,0,2022-01-01 07:27:00
-9.97,-4.55,-0.05,0.0,0.01,0.0,80.72,15.86,-0.08,-40.96,-0.69,0,2022-01-01 07:28:00
-10.13,-4.43,0.02,0.0,0.01,0.0,80.72,15.86,-0.08,-40.96,-0.72,0,2022-01-01 07:29:00
-10.13,-4.43,0.02,0.0,0.01,0.0,80.72,15.86,-0.08,-40.96,-0.72,0,2022-01-01 07:30:00
-10.1,-4.47,-0.05,0.0,0.0,0.0,80.72,15.86,-0.08,-40.97,-0.71,0,2022-01-01 07:31:00
-10.1,-4.47,-0.05,0.0,0.0,0.0,80.72,15.86,-0.08,-40.97,-0.71,0,2022-01-01 07:32:00
-10.06,-4.58,-0.13,0.0,0.01,0.0,80.72,15.86,-0.08,-40.96,-0.72,0,2022-01-01 07:33:00
-10.06,-4.58,-0.13,0.0,0.01,0.0,80.72,15.86,-0.08,-40.96,-0.73,0,2022-01-01 07:34:00
-10.02,-4.65,0.13,0.0,0.02,0.0,80.72,15.86,-0.08,-40.95,-0.72,0,2022-01-01 07:35:00
-10.18,-4.46,-0.09,0.0,0.0,0.0,80.54,15.32,-0.6,-40.95,-0.72,0,2022-01-01 07:36:00
-10.1,-4.49,-0.01,0.0,0.01,0.0,80.54,15.32,-0.6,-40.95,-0.75,0,2022-01-01 07:37:00
-10.1,-4.49,-0.01,0.0,0.01,0.0,80.54,15.32,-0.6,-40.95,-0.75,0,2022-01-01 07:38:00
-10.06,-4.55,0.18,0.01,0.0,0.01,80.54,15.32,-0.6,-40.96,-0.73,0,2022-01-01 07:39:00
-10.06,-4.55,0.18,0.01,0.0,0.01,80.54,15.32,-0.6,-40.96,-0.71,0,2022-01-01 07:40:00
-10.06,-4.48,-0.05,0.02,-0.02,0.01,80.54,15.32,-0.6,-40.97,-0.68,0,2022-01-01 07:41:00
-10.06,-4.48,-0.05,0.02,-0.02,0.01,80.54,15.32,-0.6,-40.97,-0.66,0,2022-01-01 07:42:00
-10.1,-4.51,0.25,-0.01,0.04,0.0,78.56,15.86,-1.12,-40.97,-0.69,0,2022-01-01 07:43:00
-10.11,-4.43,0.15,0.0,0.0,0.0,78.56,15.86,-1.12,-40.97,-0.67,0,2022-01-01 07:44:00
-10.11,-4.43,0.15,0.0,0.0,0.0,78.56,15.86,-1.12,-40.98,-0.65,0,2022-01-01 07:45:00
-10.05,-4.44,-0.13,0.02,-0.02,0.0,78.56,15.86,-1.12,-40.98,-0.64,0,2022-01-01 07:46:00
-10.05,-4.44,-0.13,0.02,-0.02,0.0,78.56,15.86,-1.12,-40.98,-0.62,0,2022-01-01 07:47:00
-10.07,-4.51,-0.25,0.02,0.0,0.0,78.56,15.86,-1.12,-40.98,-0.62,0,2022-01-01 07:48:00
-10.07,-4.51,-0.25,0.02,0.0,0.0,78.56,15.86,-1.12,-40.98,-0.63,0,2022-01-01 07:49:00
-10.14,-4.53,0.04,0.0,0.02,0.0,78.56,15.86,-1.12,-40.98,-0.63,0,2022-01-01 07:50:00
-10.14,-4.53,0.04,0.0,0.02,0.0,78.56,15.86,-1.12,-40.98,-0.63,0,2022-01-01 07:51:00
-10.14,-4.46,0.17,0.0,0.01,0.0,78.56,15.86,-1.12,-40.98,-0.62,0,2022-01-01 07:52:00
-10.14,-4.46,0.17,0.0,0.01,0.0,78.56,15.86,-1.12,-40.98,-0.61,0,2022-01-01 07:53:00
-10.03,-4.59,-0.17,0.01,0.0,0.0,79.64,15.14,-0.43,-40.98,-0.61,0,2022-01-01 07:54:00
-10.07,-4.45,-0.02,0.01,0.0,0.0,79.64,15.14,-0.43,-40.98,-0.6,0,2022-01-01 07:55:00
-10.07,-4.45,-0.02,0.01,0.0,0.0,79.64,15.14,-0.43,-40.98,-0.6,0,2022-01-01 07:56:00
-10.15,-4.57,-0.21,0.01,0.0,0.0,79.64,15.14,-0.43,-40.98,-0.6,0,2022-01-01 07:57:00
-10.15,-4.57,-0.21,0.01,0.0,0.0,79.64,15.14,-0.43,-40.98,-0.61,0,2022-01-01 07:58:00
-10.09,-4.57,0.04,0.0,0.02,0.0,79.64,15.14,-0.43,-40.97,-0.62,0,2022-01-01 07:59:00
-10.09,-4.57,0.04,0.0,0.02,0.0,79.64,15.14,-0.43,-40.97,-0.63,0,2022-01-01 08:00:00
-10.07,-4.59,0.12,0.0,0.01,0.0,79.64,15.14,-0.43,-40.96,-0.62,0,2022-01-01 08:01:00
-10.07,-4.59,0.12,0.0,0.01,0.0,79.64,15.14,-0.43,-40.96,-0.61,0,2022-01-01 08:02:00
-10.02,-4.48,0.01,0.01,-0.01,0.0,79.64,15.14,-0.43,-40.96,-0.59,0,2022-01-01 08:03:00
-10.02,-4.48,0.01,0.01,-0.01,0.0,79.64,15.14,-0.43,-40.96,-0.58,0,2022-01-01 08:04:00
-10.16,-4.43,-0.23,0.01,-0.01,0.0,80.54,15.68,-0.6,-40.96,-0.57,0,2022-01-01 08:05:00
-10.13,-4.47,-0.11,0.0,0.0,0.0,80.54,15.68,-0.6,-40.97,-0.58,0,2022-01-01 08:06:00
-10.13,-4.47,-0.11,0.0,0.0,0.0,80.54,15.68,-0.6,-40.97,-0.58,0,2022-01-01 08:07:00
-10.03,-4.59,-0.04,0.0,0.01,0.0,80.54,15.68,-0.6,-40.96,-0.58,0,2022-01-01 08:08:00
-10.03,-4.59,-0.04,0.0,0.01,0.0,80.54,15.68,-0.6,-40.96,-0.59,0,2022-01-01 08:09:00
-10.05,-4.53,0.06,-0.01,0.01,0.01,80.54,15.68,-0.6,-40.96,-0.58,0,2022-01-01 08:10:00
-10.05,-4.53,0.06,-0.01,0.01,0.01,80.54,15.68,-0.6,-40.97,-0.59,0,2022-01-01 08:11:00
-10.15,-4.42,0.07,0.0,0.0,0.01,80.54,15.68,-0.6,-40.98,-0.58,0,2022-01-01 08:12:00
-10.15,-4.42,0.07,0.0,0.0,0.01,80.54,15.68,-0.6,-40.99,-0.57,0,2022-01-01 08:13:00
-10.11,-4.5,-0.05,0.0,0.0,0.0,80.54,15.68,-0.6,-40.99,-0.56,0,2022-01-01 08:14:00
-10.11,-4.5,-0.05,0.0,0.0,0.0,80.54,15.68,-0.6,-40.99,-0.56,0,2022-01-01 08:15:00
-10.05,-4.53,-0.11,0.0,0.0,0.0,80.54,15.68,-1.64,-40.98,-0.56,0,2022-01-01 08:16:00
-10.05,-4.53,-0.11,0.0,0.0,0.0,80.54,15.68,-1.64,-40.98,-0.57,0,2022-01-01 08:17:00
-10.02,-4.53,0.04,0.0,0.01,0.0,80.54,15.68,-1.64,-40.98,-0.57,0,2022-01-01 08:18:00
-10.02,-4.53,0.04,0.0,0.01,0.0,80.54,15.68,-1.64,-40.98,-0.57,0,2022-01-01 08:19:00
-10.11,-4.47,0.13,0.0,0.0,0.01,80.54,15.68,-1.64,-40.98,-0.56,0,2022-01-01 08:20:00
-10.11,-4.47,0.13,0.0,0.0,0.01,80.54,15.68,-1.64,-40.99,-0.54,0,2022-01-01 08:21:00
-10.14,-4.46,-0.11,0.01,0.0,0.0,80.54,15.68,-1.64,-40.99,-0.54,0,2022-01-01 08:22:00
-10.05,-4.51,-0.25,0.0,0.01,0.0,80.54,15.68,-1.64,-40.99,-0.56,0,2022-01-01 08:23:00
-10.05,-4.51,-0.25,0.0,0.01,0.0,80.54,15.68,-1.64,-40.99,-0.58,0,2022-01-01 08:24:00
-10.09,-4.53,0.17,0.0,0.04,0.0,80.54,15.68,-1.64,-40.99,-0.65,0,2022-01-01 08:25:00
-10.09,-4.53,0.17,0.0,0.04,0.0,80.54,15.68,-1.64,-40.98,-0.66,0,2022-01-01 08:26:00
-10.09,-4.46,0.22,0.0,0.01,0.0,78.56,16.21,0.26,-40.99,-0.64,0,2022-01-01 08:27:00
-10.09,-4.46,0.22,0.0,0.01,0.0,78.56,16.21,0.26,-40.99,-0.63,0,2022-01-01 08:28:00
-10.11,-4.43,-0.17,0.03,-0.02,0.0,78.56,16.21,0.26,-40.99,-0.56,0,2022-01-01 08:29:00
-10.11,-4.43,-0.17,0.03,-0.02,0.0,78.56,16.21,0.26,-41.0,-0.54,0,2022-01-01 08:30:00
-10.1,-4.47,-0.41,0.02,0.0,0.0,78.56,16.21,0.26,-41.0,-0.56,0,2022-01-01 08:31:00
-10.06,-4.5,0.02,0.0,0.03,0.0,78.56,16.21,0.26,-41.0,-0.57,0,2022-01-01 08:32:00
-10.15,-4.46,0.26,0.0,0.03,0.0,78.56,16.21,0.26,-41.0,-0.57,0,2022-01-01 08:33:00
-10.15,-4.46,0.26,0.0,0.03,0.0,78.56,16.21,0.26,-41.0,-0.56,0,2022-01-01 08:34:00
-10.02,-4.49,-0.16,0.01,0.0,0.0,78.56,16.21,0.26,-41.0,-0.57,0,2022-01-01 08:35:00
-10.11,-4.41,-0.16,0.01,0.0,0.0,78.56,16.21,0.26,-41.0,-0.57,0,2022-01-01 08:36:00
-10.08,-4.66,-0.12,0.0,0.02,0.0,78.73,16.75,-0.95,-41.0,-0.58,0,2022-01-01 08:37:00
-10.08,-4.66,-0.12,0.0,0.02,0.0,78.73,16.75,-0.95,-40.99,-0.6,0,2022-01-01 08:38:00
-10.03,-4.59,0.3,0.0,0.02,0.0,78.73,16.75,-0.95,-40.98,-0.58,0,2022-01-01 08:39:00
-10.03,-4.59,0.3,0.0,0.02,0.0,78.73,16.75,-0.95,-40.98,-0.57,0,2022-01-01 08:40:00
-10.11,-4.5,-0.01,0.02,-0.02,0.0,78.73,16.75,-0.95,-40.98,-0.53,0,2022-01-01 08:41:00
-10.11,-4.5,-0.01,0.02,-0.02,0.0,78.73,16.75,-0.95,-40.98,-0.51,0,2022-01-01 08:42:00
-10.19,-4.37,-0.32,0.03,-0.03,0.0,78.73,16.75,-0.95,-40.98,-0.5,0,2022-01-01 08:43:00
-10.19,-4.37,-0.32,0.03,-0.03,0.0,78.73,16.75,-0.95,-40.99,-0.49,0,2022-01-01 08:44:00
-10.17,-4.5,-0.1,0.0,0.0,0.0,78.73,16.75,-0.95,-40.99,-0.49,0,2022-01-01 08:45:00
-10.17,-4.5,-0.1,0.0,0.0,0.0,78.73,16.75,-0.95,-41.0,-0.49,0,2022-01-01 08:46:00
-10.01,-4.65,0.12,0.0,0.01,0.0,78.73,16.75,-0.95,-40.99,-0.49,0,2022-01-01 08:47:00
-10.02,-4.53,-0.01,0.0,0.0,0.01,80.36,15.86,-1.47,-40.99,-0.48,0,2022-01-01 08:48:00
-10.02,-4.53,-0.01,0.0,0.0,0.01,80.36,15.86,-1.47,-40.99,-0.48,0,2022-01-01 08:49:00
-10.13,-4.46,0.01,0.01,0.0,0.01,80.36,15.86,-1.47,-41.0,-0.47,0,2022-01-01 08:50:00
-10.13,-4.46,0.01,0.01,0.0,0.01,80.36,15.86,-1.47,-41.0,-0.46,0,2022-01-01 08:51:00
-10.11,-4.43,-0.1,0.01,0.0,0.01,80.36,15.86,-1.47,-41.02,-0.46,0,2022-01-01 08:52:00
-10.11,-4.43,-0.1,0.01,0.0,0.01,80.36,15.86,-1.47,-41.03,-0.46,0,2022-01-01 08:53:00
-10.02,-4.55,0.05,0.0,0.0,0.0,80.36,15.86,-1.47,-41.03,-0.45,0,2022-01-01 08:54:00
-10.02,-4.55,0.05,0.0,0.0,0.0,80.36,15.86,-1.47,-41.02,-0.44,0,2022-01-01 08:55:00
-10.03,-4.46,0.11,0.0,0.0,0.0,80.36,15.86,-1.47,-41.02,-0.43,0,2022-01-01 08:56:00
-10.03,-4.46,0.11,0.0,0.0,0.0,80.36,15.86,-1.47,-41.02,-0.42,0,2022-01-01 08:57:00
-10.21,-4.36,-0.06,0.01,0.0,0.0,80.36,15.86,-1.47,-41.03,-0.41,0,2022-01-01 08:58:00
-10.09,-4.38,-0.38,0.01,0.01,0.0,80.54,15.32,-0.95,-41.04,-0.44,0,2022-01-01 08:59:00
-10.09,-4.38,-0.38,0.01,0.01,0.0,80.54,15.32,-0.95,-41.04,-0.47,0,2022-01-01 09:00:00
-10.05,-4.58,0.06,-0.01,0.05,0.0,80.54,15.32,-0.95,-41.03,-0.49,0,2022-01-01 09:01:00
-10.05,-4.58,0.06,-0.01,0.05,0.0,80.54,15.32,-0.95,-41.03,-0.52,0,2022-01-01 09:02:00
-10.05,-4.53,0.45,0.0,0.04,0.0,80.54,15.32,-0.95,-41.03,-0.54,0,2022-01-01 09:03:00
-10.05,-4.53,0.45,0.0,0.04,0.0,80.54,15.32,-0.95,-41.02,-0.54,0,2022-01-01 09:04:00
-10.14,-4.45,0.02,0.02,-0.02,0.0,80.54,15.32,-0.95,-41.03,-0.51,0,2022-01-01 09:05:00
-10.14,-4.45,0.02,0.02,-0.02,0.0,80.54,15.32,-0.95,-41.03,-0.48,0,2022-01-01 09:06:00
-10.16,-4.4,-0.41,0.03,-0.02,0.0,80.54,15.32,-0.95,-41.03,-0.49,0,2022-01-01 09:07:00
-10.16,-4.4,-0.41,0.03,-0.02,0.0,80.54,15.32,-0.95,-41.04,-0.49,0,2022-01-01 09:08:00
-10.03,-4.51,-0.21,0.0,0.03,0.0,80.54,15.32,-0.95,-41.04,-0.52,0,2022-01-01 09:09:00
-10.11,-4.51,0.28,0.0,0.05,0.0,79.81,14.6,-0.6,-41.04,-0.53,0,2022-01-01 09:10:00
-10.11,-4.51,0.28,0.0,0.05,0.0,79.81,14.6,-0.6,-41.03,-0.54,0,2022-01-01 09:11:00
-10.06,-4.42,0.09,0.01,0.0,0.0,79.81,14.6,-0.6,-41.04,-0.53,0,2022-01-01 09:12:00
-10.06,-4.42,0.09,0.01,0.0,0.0,79.81,14.6,-0.6,-41.04,-0.51,0,2022-01-01 09:13:00
-10.11,-4.43,-0.24,0.02,-0.01,0.0,79.81,14.6,-0.6,-41.04,-0.49,0,2022-01-01 09:14:00
-10.11,-4.43,-0.24,0.02,-0.01,0.0,79.81,14.6,-0.6,-41.05,-0.49,0,2022-01-01 09:15:00
-10.1,-4.58,-0.25,0.0,0.01,0.0,79.81,14.6,-0.6,-41.04,-0.51,0,2022-01-01 09:16:00
-10.1,-4.58,-0.25,0.0,0.01,0.0,79.81,14.6,-0.6,-41.04,-0.53,0,2022-01-01 09:17:00
-10.08,-4.53,0.28,0.0,0.03,0.0,79.81,14.6,-0.6,-41.03,-0.52,0,2022-01-01 09:18:00
-10.08,-4.53,0.28,0.0,0.03,0.0,79.81,14.6,-0.6,-41.03,-0.52,0,2022-01-01 09:19:00
-10.16,-4.55,0.07,0.01,0.0,0.0,79.81,14.6,-0.6,-41.03,-0.5,0,2022-01-01 09:20:00
-10.07,-4.53,-0.15,0.01,-0.01,0.0,81.08,15.5,-1.12,-41.03,-0.5,0,2022-01-01 09:21:00
-10.07,-4.53,-0.15,0.01,-0.01,0.0,81.08,15.5,-1.12,-41.03,-0.49,0,2022-01-01 09:22:00
-10.09,-4.48,-0.13,0.01,0.0,0.0,81.08,15.5,-1.12,-41.03,-0.49,0,2022-01-01 09:23:00
-10.09,-4.48,-0.13,0.01,0.0,0.0,81.08,15.5,-1.12,-41.03,-0.5,0,2022-01-01 09:24:00
-10.08,-4.49,0.13,0.0,0.0,0.0,81.08,15.5,-1.12,-41.03,-0.48,0,2022-01-01 09:25:00
-10.08,-4.49,0.13,0.0,0.0,0.0,81.08,15.5,-1.12,-41.03,-0.47,0,2022-01-01 09:26:00
-10.11,-4.37,0.04,0.01,-0.01,0.0,81.08,15.5,-1.12,-41.03,-0.45,0,2022-01-01 09:27:00
-10.11,-4.37,0.04,0.01,-0.01,0.0,81.08,15.5,-1.12,-41.04,-0.43,0,2022-01-01 09:28:00
-10.11,-4.45,-0.18,0.02,-0.01,0.0,81.08,15.5,-1.12,-41.04,-0.43,0,2022-01-01 09:29:00
-10.11,-4.45,-0.18,0.02,-0.01,0.0,81.08,15.5,-1.12,-41.04,-0.43,0,2022-01-01 09:30:00
-10.1,-4.51,-0.15,0.01,0.01,0.0,81.08,15.5,-1.12,-41.04,-0.44,0,2022-01-01 09:31:00
-10.08,-4.54,0.03,0.0,0.04,0.0,79.45,14.6,-1.3,-41.04,-0.46,0,2022-01-01 09:32:00
-10.08,-4.54,0.03,0.0,0.04,0.0,79.45,14.6,-1.3,-41.03,-0.48,0,2022-01-01 09:33:00
-10.08,-4.48,0.3,0.0,0.03,0.0,79.45,14.6,-1.3,-41.03,-0.47,0,2022-01-01 09:34:00
-10.08,-4.48,0.3,0.0,0.03,0.0,79.45,14.6,-1.3,-41.03,-0.46,0,2022-01-01 09:35:00
-10.13,-4.44,0.06,0.02,-0.01,0.0,79.45,14.6,-1.3,-41.04,-0.42,0,2022-01-01 09:36:00
-10.13,-4.44,0.06,0.02,-0.01,0.0,79.45,14.6,-1.3,-41.04,-0.4,0,2022-01-01 09:37:00
-10.07,-4.48,-0.27,0.03,-0.02,0.0,79.45,14.6,-1.3,-41.04,-0.4,0,2022-01-01 09:38:00
-10.07,-4.48,-0.27,0.03,-0.02,0.0,79.45,14.6,-1.3,-41.04,-0.39,0,2022-01-01 09:39:00
-10.15,-4.55,-0.13,0.01,0.01,0.0,79.45,14.6,-1.3,-41.04,-0.4,0,2022-01-01 09:40:00
-10.15,-4.55,-0.13,0.01,0.01,0.0,79.45,14.6,-1.3,-41.04,-0.41,0,2022-01-01 09:41:00
-10.1,-4.48,0.11,0.0,0.03,0.0,79.45,14.6,-1.3,-41.04,-0.43,0,2022-01-01 09:42:00
-10.03,-4.46,-0.01,0.0,0.02,0.0,79.81,14.96,0.43,-41.04,-0.44,0,2022-01-01 09:43:00
-10.03,-4.46,-0.01,0.0,0.02,0.0,79.81,14.96,0.43,-41.04,-0.45,0,2022-01-01 09:44:00
-10.09,-4.45,0.06,0.0,0.0,0.0,79.81,14.96,0.43,-41.04,-0.44,0,2022-01-01 09:45:00
-10.09,-4.45,0.06,0.0,0.0,0.0,79.81,14.96,0.43,-41.04,-0.43,0,2022-01-01 09:46:00
-10.13,-4.44,-0.14,0.0,0.0,0.0,79.81,14.96,0.43,-41.04,-0.44,0,2022-01-01 09:47:00
-10.13,-4.44,-0.14,0.0,0.0,0.0,79.81,14.96,0.43,-41.04,-0.44,0,2022-01-01 09:48:00
-10.14,-4.55,0.07,0.0,0.0,0.0,79.81,14.96,0.43,-41.04,-0.43,0,2022-01-01 09:49:00
-10.14,-4.55,0.07,0.0,0.0,0.0,79.81,14.96,0.43,-41.04,-0.42,0,2022-01-01 09:50:00
-10.14,-4.62,0.08,0.01,-0.01,0.0,79.81,14.96,0.43,-41.04,-0.4,0,2022-01-01 09:51:00
-10.14,-4.62,0.08,0.01,-0.01,0.0,79.81,14.96,0.43,-41.03,-0.38,0,2022-01-01 09:52:00
-10.14,-4.46,-0.02,0.02,-0.02,0.0,79.81,14.96,0.43,-41.03,-0.35,0,2022-01-01 09:53:00
-9.67,-4.34,-0.39,0.01,0.0,0.0,80.54,14.96,-0.6,-41.03,-0.38,0,2022-01-01 09:54:00
-9.67,-4.34,-0.39,0.01,0.0,0.0,80.54,14.96,-0.6,-41.03,-0.4,0,2022-01-01 09:55:00
-10.11,-4.59,-0.2,0.0,0.01,0.0,80.54,14.96,-0.6,-41.02,-0.41,0,2022-01-01 09:56:00
-10.11,-4.59,-0.2,0.0,0.01,0.0,80.54,14.96,-0.6,-41.02,-0.43,0,2022-01-01 09:57:00
-10.02,-4.43,0.13,0.0,0.01,0.0,80.54,14.96,-0.6,-41.02,-0.43,0,2022-01-01 09:58:00
-10.02,-4.43,0.13,0.0,0.01,0.0,80.54,14.96,-0.6,-41.02,-0.43,0,2022-01-01 09:59:00
-10.14,-4.42,-0.15,0.0,0.0,0.0,80.54,14.96,-0.6,-41.03,-0.43,0,2022-01-01 10:00:00
-10.14,-4.42,-0.15,0.0,0.0,0.0,80.54,14.96,-0.6,-41.03,-0.44,0,2022-01-01 10:01:00
-10.02,-4.45,-0.04,0.0,0.01,0.0,80.54,14.96,-0.6,-41.03,-0.44,0,2022-01-01 10:02:00
-10.02,-4.45,-0.04,0.0,0.01,0.0,80.54,14.96,-0.6,-41.03,-0.45,0,2022-01-01 10:03:00
-10.06,-4.69,0.2,0.0,0.03,0.0,80.54,14.96,-0.6,-41.02,-0.46,0,2022-01-01 10:04:00
-10.16,-4.54,0.04,0.0,0.01,0.0,80.0,15.86,0.26,-41.02,-0.46,0,2022-01-01 10:05:00
-10.16,-4.54,0.04,0.0,0.01,0.0,80.0,15.86,0.26,-41.02,-0.46,0,2022-01-01 10:06:00
-10.23,-4.48,-0.17,0.02,0.0,0.0,80.0,15.86,0.26,-41.02,-0.46,0,2022-01-01 10:07:00
-10.23,-4.48,-0.17,0.02,0.0,0.0,80.0,15.86,0.26,-41.02,-0.46,0,2022-01-01 10:08:00
-10.11,-4.5,0.06,0.01,0.01,0.0,80.0,15.86,0.26,-41.02,-0.46,0,2022-01-01 10:09:00
-10.11,-4.5,0.06,0.01,0.01,0.0,80.0,15.86,0.26,-41.02,-0.45,0,2022-01-01 10:10:00
-10.02,-4.49,0.18,0.01,0.0,0.0,80.0,15.86,0.26,-41.02,-0.43,0,2022-01-01 10:11:00
-10.02,-4.49,0.18,0.01,0.0,0.0,80.0,15.86,0.26,-41.02,-0.41,0,2022-01-01 10:12:00
-10.05,-4.47,-0.19,0.03,-0.01,0.0,80.0,15.86,0.26,-41.02,-0.41,0,2022-01-01 10:13:00
-10.05,-4.47,-0.19,0.03,-0.01,0.0,80.0,15.86,0.26,-41.02,-0.4,0,2022-01-01 10:14:00
-10.14,-4.42,-0.3,0.02,0.01,0.0,80.0,15.86,0.26,-41.03,-0.42,0,2022-01-01 10:15:00
-10.11,-4.53,0.24,0.0,0.04,0.0,79.28,15.5,0.26,-41.02,-0.43,0,2022-01-01 10:16:00
-10.11,-4.53,0.24,0.0,0.04,0.0,79.28,15.5,0.26,-41.02,-0.43,0,2022-01-01 10:17:00
-10.09,-4.59,0.26,0.0,0.0,0.0,79.28,15.5,0.26,-41.02,-0.41,0,2022-01-01 10:18:00
-10.09,-4.59,0.26,0.0,0.0,0.0,79.28,15.5,0.26,-41.01,-0.38,0,2022-01-01 10:19:00
-10.1,-4.53,-0.13,0.02,-0.02,0.0,79.28,15.5,0.26,-41.01,-0.34,0,2022-01-01 10:20:00
-10.1,-4.53,-0.13,0.02,-0.02,0.0,79.28,15.5,0.26,-41.01,-0.33,0,2022-01-01 10:21:00
-10.13,-4.45,-0.32,0.02,0.0,0.0,79.28,15.5,0.26,-41.01,-0.34,0,2022-01-01 10:22:00
-10.13,-4.45,-0.32,0.02,0.0,0.0,79.28,15.5,0.26,-41.01,-0.33,0,2022-01-01 10:23:00
-10.14,-4.4,0.11,0.0,0.03,0.0,79.28,15.5,0.26,-41.02,-0.34,0,2022-01-01 10:24:00
-10.14,-4.4,0.11,0.0,0.03,0.0,79.28,15.5,0.26,-41.02,-0.35,0,2022-01-01 10:25:00
-10.07,-4.53,0.28,0.0,0.01,0.0,79.28,15.5,0.26,-41.02,-0.33,0,2022-01-01 10:26:00
-10.05,-4.53,0.05,0.01,-0.02,0.0,78.56,16.21,-1.12,-41.02,-0.31,0,2022-01-01 10:27:00
-10.05,-4.53,0.05,0.01,-0.02,0.0,78.56,16.21,-1.12,-41.02,-0.27,0,2022-01-01 10:28:00
-10.1,-4.47,-0.23,0.02,-0.03,0.0,78.56,16.21,-1.12,-41.02,-0.26,0,2022-01-01 10:29:00
-10.16,-4.4,-0.39,0.01,0.0,0.0,78.56,16.21,-1.12,-41.02,-0.28,0,2022-01-01 10:30:00
-10.14,-4.46,0.24,0.0,0.04,0.0,78.56,16.21,-1.12,-41.03,-0.28,0,2022-01-01 10:31:00
-10.14,-4.46,0.24,0.0,0.04,0.0,78.56,16.21,-1.12,-41.03,-0.29,0,2022-01-01 10:32:00
-10.02,-4.49,0.17,0.0,0.02,0.0,78.56,16.21,-1.12,-41.03,-0.29,0,2022-01-01 10:33:00
-10.08,-4.47,0.01,0.01,0.0,0.0,78.56,16.21,-1.12,-41.03,-0.28,0,2022-01-01 10:34:00
-10.15,-4.48,-0.06,0.01,0.0,0.0,78.73,15.32,-0.95,-41.03,-0.28,0,2022-01-01 10:35:00
-10.15,-4.48,-0.06,0.01,0.0,0.0,78.73,15.32,-0.95,-41.03,-0.28,0,2022-01-01 10:36:00
-10.1,-4.55,0.05,0.0,0.01,0.0,78.73,15.32,-0.95,-41.03,-0.28,0,2022-01-01 10:37:00
-10.1,-4.55,0.05,0.0,0.01,0.0,78.73,15.32,-0.95,-41.02,-0.28,0,2022-01-01 10:38:00
-10.07,-4.49,0.04,0.0,0.01,0.0,78.73,15.32,-0.95,-41.02,-0.29,0,2022-01-01 10:39:00
-10.07,-4.49,0.04,0.0,0.01,0.0,78.73,15.32,-0.95,-41.02,-0.29,0,2022-01-01 10:40:00
-9.98,-4.51,-0.08,0.01,0.0,0.0,78.73,15.32,-0.95,-41.02,-0.29,0,2022-01-01 10:41:00
-9.98,-4.51,-0.08,0.01,0.0,0.0,78.73,15.32,-0.95,-41.02,-0.29,0,2022-01-01 10:42:00
-10.26,-4.38,0.0,0.0,0.01,0.01,78.73,15.32,-0.95,-41.03,-0.29,0,2022-01-01 10:43:00
-10.26,-4.38,0.0,0.0,0.01,0.01,78.73,15.32,-0.95,-41.04,-0.29,0,2022-01-01 10:44:00
-10.22,-4.55,-0.09,0.0,0.02,0.01,78.73,15.32,-0.95,-41.05,-0.32,0,2022-01-01 10:45:00
-10.08,-4.58,-0.06,-0.01,0.03,0.0,80.72,15.5,-0.78,-41.05,-0.34,0,2022-01-01 10:46:00
-10.08,-4.58,-0.06,-0.01,0.03,0.0,80.72,15.5,-0.78,-41.04,-0.36,0,2022-01-01 10:47:00
-9.92,-4.51,0.19,-0.01,0.03,0.0,80.72,15.5,-0.78,-41.04,-0.37,0,2022-01-01 10:48:00
-9.92,-4.51,0.19,-0.01,0.03,0.0,80.72,15.5,-0.78,-41.03,-0.37,0,2022-01-01 10:49:00
-10.01,-4.41,0.07,0.0,0.0,0.0,80.72,15.5,-0.78,-41.03,-0.36,0,2022-01-01 10:50:00
-10.01,-4.41,0.07,0.0,0.0,0.0,80.72,15.5,-0.78,-41.04,-0.36,0,2022-01-01 10:51:00
-10.08,-4.46,-0.25,0.0,0.0,0.0,80.72,15.5,-0.78,-41.04,-0.37,0,2022-01-01 10:52:00
-10.08,-4.46,-0.25,0.0,0.0,0.0,80.72,15.5,-0.78,-41.04,-0.38,0,2022-01-01 10:53:00
-10.11,-4.53,-0.07,0.0,0.02,0.0,80.72,15.5,-0.78,-41.04,-0.4,0,2022-01-01 10:54:00
-10.11,-4.53,-0.07,0.0,0.02,0.0,80.72,15.5,-0.78,-41.03,-0.41,0,2022-01-01 10:55:00
-10.03,-4.58,0.04,0.0,0.03,-0.01,80.72,15.5,-0.78,-41.02,-0.43,0,2022-01-01 10:56:00
-10.11,-4.54,0.24,0.0,0.02,0.0,80.36,15.86,-0.43,-41.02,-0.42,0,2022-01-01 10:57:00
-10.11,-4.54,0.24,0.0,0.02,0.0,80.36,15.86,-0.43,-41.02,-0.41,0,2022-01-01 10:58:00
-10.17,-4.48,-0.04,0.01,0.0,0.0,80.36,15.86,-0.43,-41.02,-0.41,0,2022-01-01 10:59:00
-10.17,-4.48,-0.04,0.01,0.0,0.0,80.36,15.86,-0.43,-41.02,-0.41,0,2022-01-01 11:00:00
-10.19,-4.48,-0.21,0.0,0.0,0.0,80.36,15.86,-0.43,-41.02,-0.42,0,2022-01-01 11:01:00
-10.19,-4.48,-0.21,0.0,0.0,0.0,80.36,15.86,-0.43,-41.02,-0.43,0,2022-01-01 11:02:00
-10.13,-4.51,-0.08,0.0,0.02,0.0,80.36,15.86,-0.43,-41.02,-0.44,0,2022-01-01 11:03:00
-10.13,-4.51,-0.08,0.0,0.02,0.0,80.36,15.86,-0.43,-41.02,-0.45,0,2022-01-01 11:04:00
-10.14,-4.5,0.2,0.0,0.02,0.01,80.36,15.86,-0.43,-41.03,-0.45,0,2022-01-01 11:05:00
-10.14,-4.5,0.2,0.0,0.02,0.01,80.36,15.86,-0.43,-41.03,-0.44,0,2022-01-01 11:06:00
-10.08,-4.46,0.05,0.0,0.0,0.01,80.36,15.86,-0.43,-41.04,-0.43,0,2022-01-01 11:07:00
-10.13,-4.51,-0.06,0.0,0.0,0.0,80.72,15.14,-1.12,-41.04,-0.43,0,2022-01-01 11:08:00
-10.09,-4.47,0.04,0.0,0.02,0.0,80.72,15.14,-1.12,-41.04,-0.44,0,2022-01-01 11:09:00
-10.09,-4.47,0.04,0.0,0.02,0.0,80.72,15.14,-1.12,-41.04,-0.45,0,2022-01-01 11:10:00
-10.07,-4.36,0.08,0.0,0.01,0.0,80.72,15.14,-1.12,-41.05,-0.44,0,2022-01-01 11:11:00
-10.07,-4.36,0.08,0.0,0.01,0.0,80.72,15.14,-1.12,-41.05,-0.44,0,2022-01-01 11:12:00
-10.08,-4.46,-0.12,0.01,0.0,0.0,80.72,15.14,-1.12,-41.05,-0.44,0,2022-01-01 11:13:00
-10.08,-4.46,-0.12,0.01,0.0,0.0,80.72,15.14,-1.12,-41.05,-0.44,0,2022-01-01 11:14:00
-10.13,-4.62,-0.02,0.0,0.01,0.0,80.9,14.6,-0.6,-41.05,-0.44,0,2022-01-01 11:15:00
-10.13,-4.62,-0.02,0.0,0.01,0.0,80.9,14.6,-0.6,-41.04,-0.44,0,2022-01-01 11:16:00
-10.16,-4.48,0.14,0.0,0.02,0.0,80.9,14.6,-0.6,-41.04,-0.44,0,2022-01-01 11:17:00
-10.16,-4.48,0.14,0.0,0.02,0.0,80.9,14.6,-0.6,-41.05,-0.44,0,2022-01-01 11:18:00
-10.07,-4.46,0.01,0.01,0.0,0.0,80.9,14.6,-0.6,-41.05,-0.43,0,2022-01-01 11:19:00
-10.13,-4.45,-0.12,0.02,-0.01,0.0,80.9,14.6,-0.6,-41.05,-0.43,0,2022-01-01 11:20:00
-10.13,-4.45,-0.12,0.02,-0.01,0.0,80.9,14.6,-0.6,-41.05,-0.42,0,2022-01-01 11:21:00
-10.06,-4.69,-0.21,0.01,0.0,0.0,80.9,14.6,-0.6,-41.04,-0.42,0,2022-01-01 11:22:00
-10.06,-4.69,-0.21,0.01,0.0,0.0,80.9,14.6,-0.6,-41.03,-0.43,0,2022-01-01 11:23:00
-10.08,-4.55,0.08,0.0,0.03,0.0,80.9,14.6,-0.6,-41.03,-0.47,0,2022-01-01 11:24:00
-10.08,-4.55,0.08,0.0,0.03,0.0,80.9,14.6,-0.6,-41.02,-0.48,0,2022-01-01 11:25:00
-10.14,-4.4,0.11,0.0,0.02,0.0,80.9,14.6,-0.6,-41.03,-0.48,0,2022-01-01 11:26:00
-10.14,-4.4,0.11,0.0,0.02,0.0,80.9,14.6,-0.6,-41.03,-0.48,0,2022-01-01 11:27:00
-10.11,-4.4,-0.04,0.01,0.0,0.0,80.54,15.68,-1.3,-41.04,-0.48,0,2022-01-01 11:28:00
-10.11,-4.4,-0.04,0.01,0.0,0.0,80.54,15.68,-1.3,-41.04,-0.47,0,2022-01-01 11:29:00
-10.09,-4.57,-0.2,0.0,0.0,0.0,80.54,15.68,-1.3,-41.04,-0.48,0,2022-01-01 11:30:00
-10.07,-4.62,-0.03,0.0,0.01,0.0,80.54,15.68,-1.3,-41.03,-0.48,0,2022-01-01 11:31:00
-10.07,-4.62,-0.03,0.0,0.01,0.0,80.54,15.68,-1.3,-41.02,-0.49,0,2022-01-01 11:32:00
-10.08,-4.53,0.1,0.0,0.02,0.0,80.54,15.68,-1.3,-41.02,-0.49,0,2022-01-01 11:33:00
-10.08,-4.53,0.1,0.0,0.02,0.0,80.54,15.68,-1.3,-41.02,-0.49,0,2022-01-01 11:34:00
-10.11,-4.47,-0.09,0.0,0.0,0.0,80.54,15.68,-1.3,-41.02,-0.49,0,2022-01-01 11:35:00
-10.11,-4.47,-0.09,0.0,0.0,0.0,80.54,15.68,-1.3,-41.02,-0.49,0,2022-01-01 11:36:00
-8.11,-2.52,0.54,0.0,0.0,0.01,80.54,15.68,-1.3,-41.1,-0.44,0,2022-01-01 11:37:00
-8.11,-2.52,0.54,0.0,0.0,0.01,80.54,15.68,-1.3,-41.17,-0.39,0,2022-01-01 11:38:00
-35.34,6.26,-16.64,0.48,0.47,0.24,80.9,14.24,-2.68,-41.58,-0.87,0,2022-01-01 11:39:00
-35.34,6.26,-16.64,0.48,0.47,0.24,80.9,14.24,-2.68,-41.98,-1.36,0,2022-01-01 11:40:00
-40.38,34.53,-15.39,-0.6,-0.6,0.13,80.9,14.24,-2.68,-42.59,-1.25,0,2022-01-01 11:41:00
-9.14,-1.77,-11.17,1.34,-0.4,0.83,80.9,14.24,-2.68,-43.19,-1.08,1,2022-01-01 11:42:00
-9.14,-1.77,-11.17,1.34,-0.4,0.83,80.9,14.24,-2.68,-43.67,-1.08,0,2022-01-01 11:43:00
7.24,-17.86,-4.05,-0.6,-0.72,0.31,80.9,14.24,-2.68,-43.29,-0.89,0,2022-01-01 11:44:00
7.24,-17.86,-4.05,-0.6,-0.72,0.31,80.9,14.24,-2.68,-42.91,-0.69,0,2022-01-01 11:45:00
-9.3,-7.26,-3.63,0.13,0.75,-0.01,80.9,14.24,-2.68,-42.73,-1.92,0,2022-01-01 11:46:00
-9.3,-7.26,-3.63,0.13,0.75,-0.01,80.9,14.24,-2.68,-42.56,-2.52,0,2022-01-01 11:47:00
-19.73,4.09,8.84,0.07,0.2,0.12,80.9,14.24,-2.68,-42.92,-2.31,0,2022-01-01 11:48:00
-19.73,4.09,8.84,0.07,0.2,0.12,80.9,14.24,-2.68,-43.27,-2.1,0,2022-01-01 11:49:00
-14.22,-4.15,1.33,-0.08,-0.01,-0.05,79.81,13.17,-0.95,-43.3,-2.03,0,2022-01-01 11:50:00
-14.22,-4.15,1.33,-0.08,-0.01,-0.05,79.81,13.17,-0.95,-43.33,-1.95,0,2022-01-01 11:51:00
-9.22,-0.46,-0.12,-0.27,-0.26,-0.42,79.81,13.17,-0.95,-43.15,-1.76,0,2022-01-01 11:52:00
-11.31,-0.37,-2.27,0.13,-0.02,-0.27,79.81,13.17,-0.95,-43.18,-1.85,0,2022-01-01 11:53:00
-11.31,-0.37,-2.27,0.13,-0.02,-0.27,79.81,13.17,-0.95,-43.24,-1.94,0,2022-01-01 11:54:00
-10.31,-2.04,-0.68,-0.05,0.36,-0.24,79.81,13.17,-0.95,-43.17,-2.3,0,2022-01-01 11:55:00
-10.31,-2.04,-0.68,-0.05,0.36,-0.24,79.81,13.17,-0.95,-43.12,-2.62,0,2022-01-01 11:56:00
-7.47,-5.88,-2.49,-0.31,0.54,-0.23,79.81,13.17,-0.95,-40.81,-7.17,0,2022-01-01 11:57:00
-7.47,-5.88,-2.49,-0.31,0.54,-0.23,79.81,13.17,-0.95,-39.6,-8.34,0,2022-01-01 11:58:00
-9.99,-6.17,-0.49,-0.18,0.65,-0.2,79.81,13.17,-0.95,-39.4,-8.7,0,2022-01-01 11:59:00
-9.99,-6.17,-0.49,-0.18,0.65,-0.2,79.81,13.17,-0.95,-39.21,-9.01,0,2022-01-01 12:00:00
-12.27,-4.3,3.87,0.13,0.41,-0.14,80.9,15.68,1.47,-39.19,-8.92,0,2022-01-01 12:01:00
-12.27,-4.3,3.87,0.13,0.41,-0.14,80.9,15.68,1.47,-39.16,-8.83,0,2022-01-01 12:02:00
-11.73,-4.87,2.8,0.17,-0.18,-0.07,80.9,15.68,1.47,-39.18,-8.43,0,2022-01-01 12:03:00
-11.36,-4.05,-1.04,0.14,-0.02,0.17,80.9,15.68,1.47,-39.34,-8.37,0,2022-01-01 12:04:00
-10.52,-3.96,0.96,0.01,0.11,0.1,80.9,15.68,1.47,-39.44,-8.31,0,2022-01-01 12:05:00
-10.52,-3.96,0.96,0.01,0.11,0.1,80.9,15.68,1.47,-39.54,-8.24,0,2022-01-01 12:06:00
-8.55,-3.67,-1.77,-0.05,0.0,0.03,81.08,12.99,-1.47,-39.57,-8.32,0,2022-01-01 12:07:00
-8.55,-3.67,-1.77,-0.05,0.0,0.03,81.08,12.99,-1.47,-39.6,-8.39,0,2022-01-01 12:08:00
-8.92,-4.88,-0.87,-0.03,0.04,0.06,81.08,12.99,-1.47,-39.63,-8.44,0,2022-01-01 12:09:00
-8.92,-4.88,-0.87,-0.03,0.04,0.06,81.08,12.99,-1.47,-39.79,-8.66,0,2022-01-01 12:10:00
-9.69,-5.95,0.2,-0.05,0.12,0.05,81.08,12.99,-1.47,-39.74,-8.64,0,2022-01-01 12:11:00
-9.69,-5.95,0.2,-0.05,0.12,0.05,81.08,12.99,-1.47,-39.71,-8.62,0,2022-01-01 12:12:00
-10.18,-5.22,1.26,0.0,0.07,-0.01,81.08,12.99,-1.47,-39.69,-8.5,0,2022-01-01 12:13:00
-10.18,-5.22,1.26,0.0,0.07,-0.01,81.08,12.99,-1.47,-39.67,-8.37,0,2022-01-01 12:14:00
-10.02,-5.22,0.02,0.05,-0.09,-0.06,81.08,12.99,-1.47,-39.62,-8.21,0,2022-01-01 12:15:00
-10.37,-4.59,0.09,0.01,0.02,-0.06,81.98,13.17,-0.95,-39.59,-8.14,0,2022-01-01 12:16:00
-10.15,-4.34,0.03,-0.01,0.04,-0.05,81.98,13.17,-0.95,-39.58,-8.08,0,2022-01-01 12:17:00
-10.15,-4.34,0.03,-0.01,0.04,-0.05,81.98,13.17,-0.95,-39.58,-8.03,0,2022-01-01 12:18:00
-9.86,-4.49,0.09,-0.01,0.04,-0.03,81.98,13.17,-0.95,-39.57,-7.97,0,2022-01-01 12:19:00
-9.86,-4.49,0.09,-0.01,0.04,-0.03,81.98,13.17,-0.95,-39.57,-7.91,0,2022-01-01 12:20:00
-9.89,-4.48,0.14,0.0,0.03,0.0,81.98,13.17,-0.95,-39.58,-7.87,0,2022-01-01 12:21:00
-9.89,-4.48,0.14,0.0,0.03,0.0,81.98,13.17,-0.95,-39.59,-7.8,0,2022-01-01 12:22:00
-10.29,-4.76,0.32,-0.01,0.0,0.02,81.98,13.17,-0.95,-39.61,-7.71,0,2022-01-01 12:23:00
-10.29,-4.76,0.32,-0.01,0.0,0.02,81.98,13.17,-0.95,-39.63,-7.61,0,2022-01-01 12:24:00
-10.15,-4.63,0.22,-0.03,-0.01,0.0,82.89,14.06,0.26,-39.64,-7.53,0,2022-01-01 12:25:00
-10.15,-4.63,0.22,-0.03,-0.01,0.0,82.89,14.06,0.26,-39.65,-7.44,0,2022-01-01 12:26:00
-9.97,-4.54,0.22,-0.03,-0.04,0.0,82.89,14.06,0.26,-39.67,-7.33,0,2022-01-01 12:27:00
-9.99,-4.51,-0.09,-0.02,-0.06,0.0,82.89,14.06,0.26,-39.69,-7.23,0,2022-01-01 12:28:00
-9.99,-4.51,-0.09,-0.02,-0.06,0.0,82.89,14.06,0.26,-39.7,-7.14,0,2022-01-01 12:29:00
-10.31,-4.44,-0.33,-0.04,-0.03,0.0,82.89,14.06,0.26,-39.73,-7.08,0,2022-01-01 12:30:00
-10.31,-4.44,-0.33,-0.04,-0.03,0.0,82.89,14.06,0.26,-39.75,-7.03,0,2022-01-01 12:31:00
-10.27,-4.34,0.03,-0.08,0.02,0.0,82.89,14.06,0.26,-39.78,-7.04,0,2022-01-01 12:32:00
-10.27,-4.34,0.03,-0.08,0.02,0.0,82.89,14.06,0.26,-39.81,-7.01,0,2022-01-01 12:33:00
-10.09,-4.55,0.06,-0.1,0.05,0.0,82.89,14.06,0.26,-39.82,-6.99,0,2022-01-01 12:34:00
-10.09,-4.55,0.06,-0.1,0.05,0.0,82.89,14.06,0.26,-39.83,-6.98,0,2022-01-01 12:35:00
-9.83,-4.65,0.23,-0.1,0.05,0.0,82.35,15.32,-0.26,-39.83,-6.96,0,2022-01-01 12:36:00
-9.83,-4.65,0.23,-0.1,0.05,0.0,82.35,15.32,-0.26,-39.83,-6.94,0,2022-01-01 12:37:00
-10.07,-4.62,0.0,-0.08,0.03,0.0,82.35,15.32,-0.26,-39.84,-6.93,0,2022-01-01 12:38:00
-10.22,-4.51,-0.01,-0.06,0.03,0.0,82.35,15.32,-0.26,-39.85,-6.9,0,2022-01-01 12:39:00
-10.22,-4.51,-0.01,-0.06,0.03,0.0,82.35,15.32,-0.26,-39.87,-6.87,0,2022-01-01 12:40:00
-10.11,-4.34,0.21,-0.05,0.03,-0.01,82.35,15.32,-0.26,-39.89,-6.82,0,2022-01-01 12:41:00
-10.11,-4.34,0.21,-0.05,0.03,-0.01,82.35,15.32,-0.26,-39.9,-6.78,0,2022-01-01 12:42:00
-9.94,-4.48,-0.31,-0.03,0.01,-0.02,82.35,15.32,-0.26,-39.89,-6.77,0,2022-01-01 12:43:00
-9.94,-4.48,-0.31,-0.03,0.01,-0.02,82.35,15.32,-0.26,-39.89,-6.74,0,2022-01-01 12:44:00
-10.15,-4.45,-0.44,-0.04,0.05,-0.01,82.35,15.32,-0.26,-39.89,-6.74,0,2022-01-01 12:45:00
-10.15,-4.45,-0.44,-0.04,0.05,-0.01,82.35,15.32,-0.26,-39.9,-6.74,0,2022-01-01 12:46:00
-10.19,-4.54,-0.06,-0.05,0.1,0.0,81.98,14.96,-0.6,-39.91,-6.76,0,2022-01-01 12:47:00
-10.19,-4.54,-0.06,-0.05,0.1,0.0,81.98,14.96,-0.6,-39.92,-6.78,0,2022-01-01 12:48:00
-10.14,-4.57,0.42,-0.05,0.1,-0.01,81.98,14.96,-0.6,-39.92,-6.79,0,2022-01-01 12:49:00
-9.99,-4.57,0.25,-0.03,0.05,-0.01,81.98,14.96,-0.6,-39.92,-6.75,0,2022-01-01 12:50:00
-9.99,-4.57,0.25,-0.03,0.05,-0.01,81.98,14.96,-0.6,-39.92,-6.7,0,2022-01-01 12:51:00
-10.09,-4.48,-0.26,0.01,0.0,0.0,81.98,14.96,-0.6,-39.93,-6.64,0,2022-01-01 12:52:00
-10.09,-4.48,-0.26,0.01,0.0,0.0,81.98,14.96,-0.6,-39.94,-6.59,0,2022-01-01 12:53:00
-10.42,-4.45,-0.51,0.03,0.0,0.01,81.98,14.96,-0.6,-39.96,-6.55,0,2022-01-01 12:54:00
-10.42,-4.45,-0.51,0.03,0.0,0.01,81.98,14.96,-0.6,-39.99,-6.51,0,2022-01-01 12:55:00
-10.25,-4.41,-0.34,0.0,0.04,0.01,81.98,14.96,-0.6,-40.01,-6.49,0,2022-01-01 12:56:00
-10.25,-4.41,-0.34,0.0,0.04,0.01,81.98,14.96,-0.6,-40.03,-6.48,0,2022-01-01 12:57:00
-9.96,-4.44,0.07,0.0,0.03,0.02,82.53,14.42,-0.43,-40.05,-6.44,0,2022-01-01 12:58:00
-10.17,-4.34,-0.13,0.01,0.0,0.02,82.53,14.42,-0.43,-40.14,-6.37,0,2022-01-01 12:59:00
-10.17,-4.34,-0.13,0.01,0.0,0.02,82.53,14.42,-0.43,-40.17,-6.32,0,2022-01-01 13:00:00
-10.35,-4.38,-0.53,0.02,-0.02,0.01,82.53,14.42,-0.43,-40.19,-6.28,0,2022-01-01 13:01:00
-10.35,-4.38,-0.53,0.02,-0.02,0.01,82.53,14.42,-0.43,-40.22,-6.23,0,2022-01-01 13:02:00
-10.18,-4.34,-0.37,0.0,0.02,0.0,82.53,14.42,-0.43,-40.23,-6.21,0,2022-01-01 13:03:00
-10.18,-4.34,-0.37,0.0,0.02,0.0,82.53,14.42,-0.43,-40.25,-6.18,0,2022-01-01 13:04:00
-10.24,-4.42,-0.47,0.0,0.0,-0.01,82.71,14.96,1.12,-40.25,-6.15,0,2022-01-01 13:05:00
-10.28,-4.29,-0.32,-0.01,0.05,-0.01,82.71,14.96,1.12,-40.27,-6.15,0,2022-01-01 13:06:00
-10.28,-4.29,-0.32,-0.01,0.05,-0.01,82.71,14.96,1.12,-40.28,-6.14,0,2022-01-01 13:07:00
-10.05,-4.46,-0.08,-0.02,0.06,-0.01,82.71,14.96,1.12,-40.28,-6.13,0,2022-01-01 13:08:00
-10.05,-4.46,-0.08,-0.02,0.06,-0.01,82.71,14.96,1.12,-40.29,-6.12,0,2022-01-01 13:09:00
-10.05,-4.61,0.33,0.0,0.02,0.0,82.71,14.96,1.12,-40.29,-6.07,0,2022-01-01 13:10:00
-10.05,-4.61,0.33,0.0,0.02,0.0,82.71,14.96,1.12,-40.29,-6.0,0,2022-01-01 13:11:00
-10.05,-4.76,-0.12,0.02,-0.04,0.0,82.71,14.96,1.12,-40.29,-5.91,0,2022-01-01 13:12:00
-10.05,-4.76,-0.12,0.02,-0.04,0.0,82.71,14.96,1.12,-40.28,-5.83,0,2022-01-01 13:13:00
-10.16,-4.43,-0.64,0.02,-0.03,0.0,82.17,15.14,0.26,-40.29,-5.79,0,2022-01-01 13:14:00
-10.16,-4.43,-0.64,0.02,-0.03,0.0,82.17,15.14,0.26,-40.31,-5.75,0,2022-01-01 13:15:00
-10.18,-4.34,-0.35,0.01,0.02,0.0,82.17,15.14,0.26,-40.32,-5.73,0,2022-01-01 13:16:00
-10.13,-4.51,0.07,0.0,0.04,0.0,82.17,15.14,0.26,-40.33,-5.7,0,2022-01-01 13:17:00
-10.13,-4.51,0.07,0.0,0.04,0.0,82.17,15.14,0.26,-40.33,-5.67,0,2022-01-01 13:18:00
-10.03,-4.51,0.14,0.0,0.0,0.0,82.17,15.14,0.26,-40.34,-5.6,0,2022-01-01 13:19:00
-10.03,-4.51,0.14,0.0,0.0,0.0,82.17,15.14,0.26,-40.35,-5.54,0,2022-01-01 13:20:00
-10.07,-4.46,-0.46,0.02,-0.03,0.01,82.17,15.14,0.26,-40.37,-5.46,0,2022-01-01 13:21:00
-10.07,-4.46,-0.46,0.02,-0.03,0.01,82.17,15.14,0.26,-40.38,-5.41,0,2022-01-01 13:22:00
-10.13,-4.45,-0.69,0.01,0.0,0.01,82.17,15.14,0.26,-40.39,-5.4,0,2022-01-01 13:23:00
-10.13,-4.45,-0.69,0.01,0.0,0.01,82.17,15.14,0.26,-40.41,-5.4,0,2022-01-01 13:24:00
-10.13,-4.5,-0.05,0.0,0.07,0.01,83.07,14.6,0.08,-40.42,-5.39,0,2022-01-01 13:25:00
-10.13,-4.5,-0.05,0.0,0.07,0.01,83.07,14.6,0.08,-40.42,-5.38,0,2022-01-01 13:26:00
-12.71,-4.98,-0.26,0.0,0.04,0.02,83.07,14.6,0.08,-40.47,-5.39,0,2022-01-01 13:27:00
-9.52,-4.72,-0.8,0.08,-0.04,0.06,83.07,14.6,0.08,-40.49,-5.34,0,2022-01-01 13:28:00
-9.52,-4.72,-0.8,0.08,-0.04,0.06,83.07,14.6,0.08,-40.5,-5.3,0,2022-01-01 13:29:00
-10.21,-4.4,-0.22,0.03,-0.05,0.0,83.07,14.6,0.08,-40.51,-5.23,0,2022-01-01 13:30:00
-10.21,-4.4,-0.22,0.03,-0.05,0.0,83.07,14.6,0.08,-40.52,-5.15,0,2022-01-01 13:31:00
-10.19,-4.37,-0.66,0.03,-0.05,0.0,83.07,14.6,0.08,-40.54,-5.04,0,2022-01-01 13:32:00
-10.19,-4.37,-0.66,0.03,-0.05,0.0,83.07,14.6,0.08,-40.55,-5.0,0,2022-01-01 13:33:00
-10.13,-4.47,-0.42,0.0,0.0,0.0,83.07,14.6,0.08,-40.56,-4.98,0,2022-01-01 13:34:00
-10.13,-4.47,-0.42,0.0,0.0,0.0,83.07,14.6,0.08,-40.57,-4.96,0,2022-01-01 13:35:00
-10.19,-4.36,-0.09,-0.01,0.04,0.0,82.71,15.68,0.78,-40.58,-4.94,0,2022-01-01 13:36:00
-10.19,-4.36,-0.09,-0.01,0.04,0.0,82.71,15.68,0.78,-40.59,-4.93,0,2022-01-01 13:37:00
-10.3,-4.32,-0.07,-0.01,0.03,0.0,82.71,15.68,0.78,-40.61,-4.91,0,2022-01-01 13:38:00
-10.17,-4.5,-0.38,0.0,0.01,0.0,82.71,15.68,0.78,-40.61,-4.9,0,2022-01-01 13:39:00
-10.17,-4.5,-0.38,0.0,0.01,0.0,82.71,15.68,0.78,-40.61,-4.88,0,2022-01-01 13:40:00
-10.02,-4.51,-0.06,0.0,0.02,0.0,82.71,15.68,0.78,-40.62,-4.85,0,2022-01-01 13:41:00
-10.02,-4.51,-0.06,0.0,0.02,0.0,82.71,15.68,0.78,-40.62,-4.82,0,2022-01-01 13:42:00
-10.0,-4.49,0.19,0.01,0.0,0.0,82.71,15.68,0.78,-40.62,-4.75,0,2022-01-01 13:43:00
-10.0,-4.49,0.19,0.01,0.0,0.0,82.71,15.68,0.78,-40.62,-4.69,0,2022-01-01 13:44:00
-10.15,-4.38,-0.25,0.03,-0.04,0.01,82.71,15.68,0.78,-40.67,-4.48,0,2022-01-01 13:45:00
-10.15,-4.38,-0.25,0.03,-0.04,0.01,82.71,15.68,0.78,-40.68,-4.42,0,2022-01-01 13:46:00
-10.22,-4.43,-0.55,0.02,-0.01,0.0,81.98,15.32,0.43,-40.69,-4.4,0,2022-01-01 13:47:00
-10.22,-4.43,-0.55,0.02,-0.01,0.0,81.98,15.32,0.43,-40.7,-4.38,0,2022-01-01 13:48:00
-10.14,-4.34,-0.28,-0.01,0.05,0.0,81.98,15.32,0.43,-40.71,-4.39,0,2022-01-01 13:49:00
-10.14,-4.34,-0.28,-0.01,0.05,0.0,81.98,15.32,0.43,-40.72,-4.41,0,2022-01-01 13:50:00
-10.02,-4.48,0.0,-0.03,0.06,0.0,81.98,15.32,0.43,-40.72,-4.41,0,2022-01-01 13:51:00
-10.06,-4.55,-0.21,0.0,0.01,0.0,81.98,15.32,0.43,-40.72,-4.38,0,2022-01-01 13:52:00
-10.19,-4.34,-0.32,0.01,0.0,0.0,81.98,15.32,0.43,-40.73,-4.36,0,2022-01-01 13:53:00
-10.19,-4.34,-0.32,0.01,0.0,0.0,81.98,15.32,0.43,-40.74,-4.33,0,2022-01-01 13:54:00
-10.15,-4.33,-0.28,0.02,0.02,0.0,81.26,14.24,-0.95,-40.75,-4.32,0,2022-01-01 13:55:00
-10.15,-4.33,-0.28,0.02,0.02,0.0,81.26,14.24,-0.95,-40.77,-4.3,0,2022-01-01 13:56:00
-10.18,-4.37,0.11,0.01,0.02,0.0,81.26,14.24,-0.95,-40.77,-4.27,0,2022-01-01 13:57:00
-10.18,-4.37,0.11,0.01,0.02,0.0,81.26,14.24,-0.95,-40.78,-4.23,0,2022-01-01 13:58:00
-10.03,-4.44,-0.24,0.01,0.0,0.0,81.26,14.24,-0.95,-40.79,-4.2,0,2022-01-01 13:59:00
-10.03,-4.44,-0.24,0.01,0.0,0.0,81.26,14.24,-0.95,-40.79,-4.18,0,2022-01-01 14:00:00
-10.11,-4.32,-0.38,0.02,-0.01,0.0,81.26,14.24,-0.95,-40.8,-4.15,0,2022-01-01 14:01:00
-10.11,-4.32,-0.38,0.02,-0.01,0.0,81.26,14.24,-0.95,-40.81,-4.12,0,2022-01-01 14:02:00
-10.16,-4.3,-0.26,0.02,-0.01,0.0,81.26,14.24,-0.95,-40.82,-4.08,0,2022-01-01 14:03:00
-10.14,-4.44,-0.35,0.02,-0.02,0.01,81.26,14.24,-0.95,-40.84,-4.05,0,2022-01-01 14:04:00
-10.14,-4.44,-0.35,0.02,-0.02,0.01,81.26,14.24,-0.95,-40.85,-4.01,0,2022-01-01 14:05:00
-10.03,-4.5,-0.27,0.01,-0.02,0.0,81.44,16.21,-0.08,-40.85,-3.97,0,2022-01-01 14:06:00
-10.03,-4.5,-0.27,0.01,-0.02,0.0,81.44,16.21,-0.08,-40.85,-3.94,0,2022-01-01 14:07:00
-10.19,-4.37,-0.16,0.01,-0.01,0.0,81.44,16.21,-0.08,-40.86,-3.89,0,2022-01-01 14:08:00
-10.19,-4.37,-0.16,0.01,-0.01,0.0,81.44,16.21,-0.08,-40.87,-3.85,0,2022-01-01 14:09:00
-10.24,-4.36,-0.18,0.01,-0.01,0.0,81.44,16.21,-0.08,-40.88,-3.82,0,2022-01-01 14:10:00
-10.24,-4.36,-0.18,0.01,-0.01,0.0,81.44,16.21,-0.08,-40.89,-3.78,0,2022-01-01 14:11:00
-10.17,-4.44,-0.22,0.0,0.0,0.0,81.44,16.21,-0.08,-40.9,-3.76,0,2022-01-01 14:12:00
-10.17,-4.44,-0.22,0.0,0.0,0.0,81.44,16.21,-0.08,-40.9,-3.74,0,2022-01-01 14:13:00
-10.02,-4.44,0.13,0.0,0.0,0.0,81.44,16.21,-0.08,-40.9,-3.69,0,2022-01-01 14:14:00
-10.08,-4.43,-0.13,0.02,-0.04,0.0,81.44,16.21,-0.08,-40.91,-3.63,0,2022-01-01 14:15:00
-10.08,-4.43,-0.13,0.02,-0.04,0.0,81.44,16.21,-0.08,-40.91,-3.57,0,2022-01-01 14:16:00
-10.22,-4.44,-0.53,0.03,-0.05,0.0,81.44,16.21,-0.08,-40.92,-3.54,0,2022-01-01 14:17:00
-10.22,-4.44,-0.53,0.03,-0.05,0.0,81.44,16.21,-0.08,-40.93,-3.5,0,2022-01-01 14:18:00
-10.17,-4.48,-0.57,0.01,0.0,0.0,80.9,13.17,0.08,-40.93,-3.49,0,2022-01-01 14:19:00
-10.17,-4.48,-0.57,0.01,0.0,0.0,80.9,13.17,0.08,-40.93,-3.5,0,2022-01-01 14:20:00
-10.08,-4.51,-0.2,-0.01,0.05,0.0,80.9,13.17,0.08,-40.93,-3.51,0,2022-01-01 14:21:00
-10.08,-4.51,-0.2,-0.01,0.05,0.0,80.9,13.17,0.08,-40.93,-3.52,0,2022-01-01 14:22:00
-10.06,-4.43,0.38,-0.01,0.05,-0.01,80.9,13.17,0.08,-40.91,-3.58,0,2022-01-01 14:23:00
-10.06,-4.43,0.38,-0.01,0.05,-0.01,80.9,13.17,0.08,-40.91,-3.55,0,2022-01-01 14:24:00
-10.15,-4.38,0.13,0.01,-0.01,0.0,80.9,13.17,0.08,-40.92,-3.5,0,2022-01-01 14:25:00
-10.15,-4.38,0.13,0.01,-0.01,0.0,80.9,13.17,0.08,-40.92,-3.45,0,2022-01-01 14:26:00
-10.22,-4.38,-0.32,0.03,-0.04,0.0,80.9,13.17,0.08,-40.93,-3.4,0,2022-01-01 14:27:00
-10.22,-4.38,-0.32,0.03,-0.04,0.0,80.9,13.17,0.08,-40.94,-3.36,0,2022-01-01 14:28:00
-10.11,-4.34,-0.07,0.0,0.03,0.0,80.9,13.88,-0.6,-40.95,-3.36,0,2022-01-01 14:29:00
-10.15,-4.48,0.14,0.01,0.01,0.0,80.9,13.88,-0.6,-40.95,-3.32,0,2022-01-01 14:30:00
-10.15,-4.48,0.14,0.01,0.01,0.0,80.9,13.88,-0.6,-40.95,-3.28,0,2022-01-01 14:31:00
-10.16,-4.46,-0.18,0.02,-0.03,0.0,80.9,13.88,-0.6,-40.96,-3.23,0,2022-01-01 14:32:00
-10.16,-4.46,-0.18,0.02,-0.03,0.0,80.9,13.88,-0.6,-40.96,-3.19,0,2022-01-01 14:33:00
-10.06,-4.53,-0.59,0.01,-0.02,0.0,80.9,13.88,-0.6,-40.96,-3.16,0,2022-01-01 14:34:00
-10.06,-4.53,-0.59,0.01,-0.02,0.0,80.9,13.88,-0.6,-40.96,-3.15,0,2022-01-01 14:35:00
-10.16,-4.38,-0.13,0.0,0.03,0.0,80.9,13.88,-0.6,-40.97,-3.15,0,2022-01-01 14:36:00
-10.16,-4.38,-0.13,0.0,0.03,0.0,80.9,13.88,-0.6,-40.97,-3.14,0,2022-01-01 14:37:00
-10.16,-4.34,0.07,0.0,0.04,0.0,80.9,13.88,-0.6,-40.98,-3.13,0,2022-01-01 14:38:00
-10.16,-4.34,0.07,0.0,0.04,0.0,80.9,13.88,-0.6,-40.99,-3.12,0,2022-01-01 14:39:00
-10.11,-4.43,0.01,0.0,0.02,0.0,80.9,14.96,0.43,-40.99,-3.11,0,2022-01-01 14:40:00
-10.08,-4.45,-0.14,0.01,0.0,0.0,80.9,14.96,0.43,-40.99,-3.08,0,2022-01-01 14:41:00
-10.08,-4.45,-0.14,0.01,0.0,0.0,80.9,14.96,0.43,-41.0,-3.06,0,2022-01-01 14:42:00
-10.1,-4.45,-0.21,0.01,0.0,0.0,80.9,14.96,0.43,-41.0,-3.04,0,2022-01-01 14:43:00
-10.1,-4.45,-0.21,0.01,0.0,0.0,80.9,14.96,0.43,-41.0,-3.02,0,2022-01-01 14:44:00
-10.11,-4.49,-0.2,0.01,0.0,0.0,80.9,14.96,0.43,-41.0,-3.0,0,2022-01-01 14:45:00
-10.15,-4.42,-0.13,0.0,0.01,0.0,80.9,14.96,0.43,-41.01,-2.98,0,2022-01-01 14:46:00
-10.15,-4.42,-0.13,0.0,0.01,0.0,80.9,14.96,0.43,-41.01,-2.97,0,2022-01-01 14:47:00
-10.21,-4.34,-0.12,0.01,0.01,0.0,80.9,14.96,0.43,-41.02,-2.95,0,2022-01-01 14:48:00
-10.21,-4.34,-0.12,0.01,0.01,0.0,80.9,14.96,0.43,-41.03,-2.93,0,2022-01-01 14:49:00
-10.19,-4.4,-0.15,0.01,0.0,0.01,80.9,14.96,0.43,-41.04,-2.91,0,2022-01-01 14:50:00
-10.11,-4.48,-0.26,0.01,0.0,0.01,81.98,14.24,-1.3,-41.05,-2.9,0,2022-01-01 14:51:00
-10.11,-4.48,-0.26,0.01,0.0,0.01,81.98,14.24,-1.3,-41.05,-2.88,0,2022-01-01 14:52:00
-10.09,-4.43,-0.05,0.0,0.01,0.0,81.98,14.24,-1.3,-41.06,-2.86,0,2022-01-01 14:53:00
-10.09,-4.43,-0.05,0.0,0.01,0.0,81.98,14.24,-1.3,-41.06,-2.85,0,2022-01-01 14:54:00
-10.17,-4.28,-0.05,0.01,0.0,0.01,81.98,14.24,-1.3,-41.07,-2.82,0,2022-01-01 14:55:00
-10.17,-4.28,-0.05,0.01,0.0,0.01,81.98,14.24,-1.3,-41.1,-2.79,0,2022-01-01 14:56:00
-10.19,-4.43,-0.3,0.02,-0.01,0.01,81.98,14.24,-1.3,-41.11,-2.77,0,2022-01-01 14:57:00
-10.19,-4.43,-0.3,0.02,-0.01,0.01,81.98,14.24,-1.3,-41.12,-2.75,0,2022-01-01 14:58:00
-10.06,-4.58,-0.35,0.01,0.0,0.0,81.98,14.24,-1.3,-41.11,-2.74,0,2022-01-01 14:59:00
-10.06,-4.58,-0.35,0.01,0.0,0.0,81.98,14.24,-1.3,-41.11,-2.74,0,2022-01-01 15:00:00
-10.07,-4.41,0.07,0.0,0.02,0.0,81.62,13.88,-1.3,-41.11,-2.72,0,2022-01-01 15:01:00
-10.13,-4.37,-0.08,0.02,-0.01,0.0,81.62,13.88,-0.95,-41.11,-2.68,0,2022-01-01 15:02:00
-10.13,-4.37,-0.08,0.02,-0.01,0.0,81.62,13.88,-0.95,-41.12,-2.64,0,2022-01-01 15:03:00
-10.19,-4.34,-0.28,0.04,-0.02,0.0,81.62,13.88,-0.95,-41.13,-2.61,0,2022-01-01 15:04:00
-10.19,-4.34,-0.28,0.04,-0.02,0.0,81.62,13.88,-0.95,-41.14,-2.58,0,2022-01-01 15:05:00
-10.06,-4.51,-0.32,0.02,0.0,0.0,81.62,13.88,-0.95,-41.13,-2.58,0,2022-01-01 15:06:00
-10.06,-4.51,-0.32,0.02,0.0,0.0,81.62,13.88,-0.95,-41.13,-2.56,0,2022-01-01 15:07:00
-10.19,-4.3,-0.06,0.01,0.02,0.0,81.62,13.88,-0.95,-41.14,-2.55,0,2022-01-01 15:08:00
-10.19,-4.3,-0.06,0.01,0.02,0.0,81.62,13.88,-0.95,-41.15,-2.54,0,2022-01-01 15:09:00
-10.19,-4.57,-0.04,0.01,0.02,0.01,81.62,13.88,-0.95,-41.15,-2.52,0,2022-01-01 15:10:00
-10.19,-4.57,-0.04,0.01,0.02,0.01,81.62,13.88,-0.95,-41.15,-2.51,0,2022-01-01 15:11:00
-10.1,-4.55,-0.02,0.01,0.0,0.0,82.35,14.96,-0.6,-41.15,-2.48,0,2022-01-01 15:12:00
-10.03,-4.43,-0.14,0.02,-0.02,0.0,82.35,14.96,-0.6,-41.15,-2.44,0,2022-01-01 15:13:00
-10.03,-4.43,-0.14,0.02,-0.02,0.0,82.35,14.96,-0.6,-41.15,-2.41,0,2022-01-01 15:14:00
-10.08,-4.3,-0.4,0.02,-0.02,0.0,82.35,14.96,-0.6,-41.16,-2.39,0,2022-01-01 15:15:00
-10.08,-4.3,-0.4,0.02,-0.02,0.0,82.35,14.96,-0.6,-41.16,-2.38,0,2022-01-01 15:16:00
-10.19,-4.34,-0.31,0.01,0.0,0.0,82.35,14.96,-0.6,-41.17,-2.37,0,2022-01-01 15:17:00
-10.19,-4.34,-0.31,0.01,0.0,0.0,82.35,14.96,-0.6,-41.18,-2.36,0,2022-01-01 15:18:00
-10.13,-4.38,0.04,0.0,0.03,0.0,82.35,14.96,-0.6,-41.18,-2.36,0,2022-01-01 15:19:00
-10.13,-4.38,0.04,0.0,0.03,0.0,82.35,14.96,-0.6,-41.19,-2.35,0,2022-01-01 15:20:00
-10.09,-4.47,0.05,0.0,0.01,0.0,82.35,14.96,-0.6,-41.19,-2.33,0,2022-01-01 15:21:00
-10.09,-4.47,0.05,0.0,0.01,0.0,82.35,14.96,-0.6,-41.18,-2.31,0,2022-01-01 15:22:00
-10.08,-4.53,-0.24,0.0,-0.01,0.01,81.8,13.35,0.95,-41.19,-2.29,0,2022-01-01 15:23:00
-10.23,-4.38,-0.2,0.01,-0.01,0.01,81.8,13.35,0.95,-41.2,-2.27,0,2022-01-01 15:24:00
-10.23,-4.38,-0.2,0.01,-0.01,0.01,81.8,13.35,0.95,-41.21,-2.25,0,2022-01-01 15:25:00
-10.19,-4.38,-0.19,0.0,0.0,0.0,81.8,13.35,0.95,-41.22,-2.24,0,2022-01-01 15:26:00
-10.19,-4.38,-0.19,0.0,0.0,0.0,81.8,13.35,0.95,-41.22,-2.24,0,2022-01-01 15:27:00
-10.09,-4.42,-0.2,0.0,0.0,0.0,81.8,13.35,0.95,-41.22,-2.23,0,2022-01-01 15:28:00
-10.09,-4.42,-0.2,0.0,0.0,0.0,81.8,13.35,0.95,-41.22,-2.22,0,2022-01-01 15:29:00
-10.13,-4.45,-0.01,-0.01,0.01,0.0,81.8,13.35,0.95,-41.23,-2.21,0,2022-01-01 15:30:00
-10.13,-4.45,-0.01,-0.01,0.01,0.0,81.8,13.35,0.95,-41.23,-2.19,0,2022-01-01 15:31:00
-10.15,-4.38,-0.22,0.0,0.0,0.0,81.8,13.35,0.95,-41.23,-2.19,0,2022-01-01 15:32:00
-10.15,-4.38,-0.22,0.0,0.0,0.0,81.8,13.35,0.95,-41.23,-2.18,0,2022-01-01 15:33:00
-10.11,-4.32,-0.09,0.0,0.01,0.0,80.0,14.42,0.6,-41.24,-2.17,0,2022-01-01 15:34:00
-10.11,-4.34,-0.16,-0.01,0.02,0.0,80.0,14.42,0.6,-41.25,-2.18,0,2022-01-01 15:35:00
-10.11,-4.34,-0.16,-0.01,0.02,0.0,80.0,14.42,0.6,-41.25,-2.19,0,2022-01-01 15:36:00
-10.18,-4.5,0.15,0.0,0.03,0.0,80.0,14.42,0.6,-41.25,-2.17,0,2022-01-01 15:37:00
-10.18,-4.5,0.15,0.0,0.03,0.0,80.0,14.42,0.6,-41.25,-2.16,0,2022-01-01 15:38:00
-10.19,-4.44,-0.06,0.0,0.01,0.0,80.0,14.42,0.6,-41.25,-2.15,0,2022-01-01 15:39:00
-10.19,-4.44,-0.06,0.0,0.01,0.0,80.0,14.42,0.6,-41.25,-2.15,0,2022-01-01 15:40:00
-10.09,-4.34,-0.2,0.01,0.0,0.0,80.0,14.42,0.6,-41.26,-2.14,0,2022-01-01 15:41:00
-10.09,-4.34,-0.2,0.01,0.0,0.0,80.0,14.42,0.6,-41.26,-2.13,0,2022-01-01 15:42:00
-10.07,-4.33,0.06,0.02,0.0,0.0,80.0,14.42,0.6,-41.27,-2.1,0,2022-01-01 15:43:00
-10.07,-4.33,0.06,0.02,0.0,0.0,80.0,14.42,0.6,-41.27,-2.07,0,2022-01-01 15:44:00
-10.14,-4.4,-0.27,0.03,0.0,0.0,81.26,14.24,0.78,-41.27,-2.06,0,2022-01-01 15:45:00
-10.16,-4.54,-0.56,0.01,0.02,0.0,81.26,14.24,0.78,-41.27,-2.09,0,2022-01-01 15:46:00
-10.16,-4.54,-0.56,0.01,0.02,0.0,81.26,14.24,0.78,-41.26,-2.12,0,2022-01-01 15:47:00
-10.18,-4.41,-0.07,-0.01,0.07,-0.01,81.26,14.24,0.78,-41.26,-2.15,0,2022-01-01 15:48:00
-10.18,-4.41,-0.07,-0.01,0.07,-0.01,81.26,14.24,0.78,-41.26,-2.18,0,2022-01-01 15:49:00
-10.15,-4.51,0.35,0.0,0.06,-0.01,81.26,14.24,0.78,-41.25,-2.17,0,2022-01-01 15:50:00
-10.15,-4.51,0.35,0.0,0.06,-0.01,81.26,14.24,0.78,-41.23,-2.22,0,2022-01-01 15:51:00
-10.11,-4.49,-0.18,0.01,0.0,0.0,81.26,14.24,0.78,-41.23,-2.21,0,2022-01-01 15:52:00
-10.11,-4.49,-0.18,0.01,0.0,0.0,81.26,14.24,0.78,-41.23,-2.19,0,2022-01-01 15:53:00
-10.19,-4.46,-0.45,0.01,0.0,0.0,81.26,14.24,0.78,-41.23,-2.2,0,2022-01-01 15:54:00
-10.19,-4.46,-0.45,0.01,0.0,0.0,81.26,14.24,0.78,-41.23,-2.2,0,2022-01-01 15:55:00
-10.22,-4.47,-0.23,0.0,0.02,0.0,79.81,13.88,-0.95,-41.23,-2.21,0,2022-01-01 15:56:00
-10.07,-4.38,-0.19,0.0,0.03,0.0,79.81,13.88,-0.95,-41.23,-2.23,0,2022-01-01 15:57:00
-10.07,-4.38,-0.19,0.0,0.03,0.0,79.81,13.88,-0.95,-41.24,-2.24,0,2022-01-01 15:58:00
-10.09,-4.34,-0.13,0.0,0.01,0.01,79.81,13.88,-0.95,-41.25,-2.24,0,2022-01-01 15:59:00
-10.09,-4.34,-0.13,0.0,0.01,0.01,79.81,13.88,-0.95,-41.26,-2.23,0,2022-01-01 16:00:00
-10.15,-4.45,-0.1,0.01,0.0,0.01,79.81,13.88,-0.95,-41.26,-2.21,0,2022-01-01 16:01:00
-10.15,-4.45,-0.1,0.01,0.0,0.01,79.81,13.88,-0.95,-41.27,-2.19,0,2022-01-01 16:02:00
-10.13,-4.5,-0.26,0.01,-0.01,0.0,79.81,13.88,-0.95,-41.27,-2.18,0,2022-01-01 16:03:00
-10.13,-4.5,-0.26,0.01,-0.01,0.0,79.81,13.88,-0.95,-41.27,-2.17,0,2022-01-01 16:04:00
-10.1,-4.5,-0.16,0.0,0.0,0.0,79.81,13.88,-0.95,-41.27,-2.16,0,2022-01-01 16:05:00
-10.1,-4.5,-0.16,0.0,0.0,0.0,79.81,13.88,-0.95,-41.26,-2.15,0,2022-01-01 16:06:00
-10.17,-4.34,-0.18,0.0,0.01,0.0,80.0,14.78,-0.08,-41.27,-2.14,0,2022-01-01 16:07:00
-10.16,-4.34,-0.04,0.0,0.01,0.0,80.0,14.78,-0.08,-41.28,-2.14,0,2022-01-01 16:08:00
-10.16,-4.34,-0.04,0.0,0.01,0.0,80.0,14.78,-0.08,-41.28,-2.12,0,2022-01-01 16:09:00
-10.08,-4.47,0.01,0.01,0.0,0.0,80.0,14.78,-0.08,-41.28,-2.1,0,2022-01-01 16:10:00
-10.08,-4.47,0.01,0.01,0.0,0.0,80.0,14.78,-0.08,-41.28,-2.07,0,2022-01-01 16:11:00
-10.11,-4.45,-0.12,0.01,-0.01,0.0,80.0,14.78,-0.08,-41.28,-2.05,0,2022-01-01 16:12:00
-10.11,-4.45,-0.12,0.01,-0.01,0.0,80.0,14.78,-0.08,-41.28,-2.02,0,2022-01-01 16:13:00
-10.24,-4.36,-0.24,0.01,-0.01,0.0,80.0,14.78,-0.08,-41.28,-2.01,0,2022-01-01 16:14:00
-10.24,-4.36,-0.24,0.01,-0.01,0.0,80.0,14.78,-0.08,-41.29,-1.99,0,2022-01-01 16:15:00
-10.15,-4.41,-0.3,0.0,0.0,0.0,80.0,14.78,-0.08,-41.29,-1.99,0,2022-01-01 16:16:00
-10.15,-4.41,-0.3,0.0,0.0,0.0,80.0,14.78,-0.08,-41.3,-2.0,0,2022-01-01 16:17:00
-10.08,-4.51,0.04,0.0,0.02,0.0,80.72,14.78,-0.78,-41.29,-1.99,0,2022-01-01 16:18:00
-10.11,-4.38,-0.03,0.0,0.01,0.0,80.72,14.78,-0.78,-41.29,-1.98,0,2022-01-01 16:19:00
-10.11,-4.38,-0.03,0.0,0.01,0.0,80.72,14.78,-0.78,-41.3,-1.97,0,2022-01-01 16:20:00
-10.17,-4.28,-0.23,0.01,0.0,0.01,80.72,14.78,-0.78,-41.31,-1.96,0,2022-01-01 16:21:00
-10.17,-4.28,-0.23,0.01,0.0,0.01,80.72,14.78,-0.78,-41.32,-1.95,0,2022-01-01 16:22:00
-10.15,-4.38,-0.24,0.01,0.01,0.0,80.72,14.78,-0.78,-41.33,-1.96,0,2022-01-01 16:23:00
-10.15,-4.38,-0.24,0.01,0.01,0.0,80.72,14.78,-0.78,-41.33,-1.96,0,2022-01-01 16:24:00
-10.07,-4.37,0.06,0.0,0.03,0.0,80.72,14.78,-0.78,-41.33,-1.96,0,2022-01-01 16:25:00
-10.07,-4.37,0.06,0.0,0.03,0.0,80.72,14.78,-0.78,-41.33,-1.95,0,2022-01-01 16:26:00
-10.05,-4.49,-0.17,0.01,0.0,0.0,80.72,14.78,-0.78,-41.33,-1.94,0,2022-01-01 16:27:00
-10.05,-4.49,-0.17,0.01,0.0,0.0,80.72,14.78,-0.78,-41.33,-1.93,0,2022-01-01 16:28:00
-10.19,-4.38,-0.43,0.01,0.01,0.0,82.35,13.88,-0.26,-41.33,-1.95,0,2022-01-01 16:29:00
-10.24,-4.53,-0.28,0.0,0.04,0.0,82.35,13.88,-0.26,-41.33,-1.98,0,2022-01-01 16:30:00
-10.24,-4.53,-0.28,0.0,0.04,0.0,82.35,13.88,-0.26,-41.32,-2.01,0,2022-01-01 16:31:00
-10.11,-4.53,0.15,0.0,0.04,0.0,82.35,13.88,-0.26,-41.32,-2.0,0,2022-01-01 16:32:00
-10.11,-4.53,0.15,0.0,0.04,0.0,82.35,13.88,-0.26,-41.31,-2.0,0,2022-01-01 16:33:00
-10.1,-4.44,0.11,0.01,0.0,0.0,82.35,13.88,-0.26,-41.31,-1.97,0,2022-01-01 16:34:00
-10.1,-4.44,0.11,0.01,0.0,0.0,82.35,13.88,-0.26,-41.31,-1.93,0,2022-01-01 16:35:00
-10.13,-4.36,-0.46,0.03,-0.04,0.0,82.35,13.88,-0.26,-41.32,-1.91,0,2022-01-01 16:36:00
-10.13,-4.36,-0.46,0.03,-0.04,0.0,82.35,13.88,-0.26,-41.32,-1.88,0,2022-01-01 16:37:00
-10.24,-4.25,-0.32,0.02,0.0,0.0,82.35,13.88,-0.26,-41.33,-1.88,0,2022-01-01 16:38:00