timestamp,value,label
2014-11-23 07:00:00,330.577449191165,0
2014-11-23 08:00:00,-8.95279339164018,0
2014-11-23 09:00:00,498.310023650721,0
2014-11-23 10:00:00,557.956500231619,0
2014-11-23 11:00:00,408.06796071831,0
2014-11-23 12:00:00,-28.9181450144307,0
2014-11-23 13:00:00,202.779707653222,0
2014-11-23 14:00:00,439.104539063794,0
2014-11-23 15:00:00,583.979049616121,0
2014-11-23 16:00:00,1280.93024579447,0
2014-11-23 17:00:00,918.630231268417,0
2014-11-23 18:00:00,574.809336300443,0
2014-11-23 19:00:00,545.654690075444,0
2014-11-23 20:00:00,829.138479228743,0
2014-11-23 21:00:00,883.574917601117,0
2014-11-23 22:00:00,908.577236386759,0
2014-11-23 23:00:00,1133.30235264347,0
2014-11-24 00:00:00,883.207589071221,0
2014-11-24 01:00:00,1275.14170297598,0
2014-11-24 02:00:00,880.637197581998,0
2014-11-24 03:00:00,1183.96787873884,0
2014-11-24 04:00:00,1376.42295298542,0
2014-11-24 05:00:00,1344.60102153291,0
2014-11-24 06:00:00,1547.9407001787,0
2014-11-24 07:00:00,1347.68189026924,0
2014-11-24 08:00:00,1514.79397169522,0
2014-11-24 09:00:00,1683.67377577729,0
2014-11-24 10:00:00,1233.0097816819,0
2014-11-24 11:00:00,1087.21999795395,0
2014-11-24 12:00:00,1439.91546157856,0
2014-11-24 13:00:00,1367.47578208424,0
2014-11-24 14:00:00,1284.63145578174,0
2014-11-24 15:00:00,1306.62642194814,0
2014-11-24 16:00:00,1239.68975135996,0
2014-11-24 17:00:00,1584.48386035594,0
2014-11-24 18:00:00,1677.21283109462,0
2014-11-24 19:00:00,1613.49562501808,0
2014-11-24 20:00:00,1216.69745322865,0
2014-11-24 21:00:00,1622.61227301462,0
2014-11-24 22:00:00,1193.56146907052,0
2014-11-24 23:00:00,1688.87644486587,0
2014-11-25 00:00:00,1336.6535887736,0
2014-11-25 01:00:00,1029.11434509255,0
2014-11-25 02:00:00,884.000639166141,0
2014-11-25 03:00:00,747.575563001198,0
2014-11-25 04:00:00,721.972531404404,0
2014-11-25 05:00:00,537.289537413154,0
2014-11-25 06:00:00,1190.09829335464,0
2014-11-25 07:00:00,1045.8363062355,0
2014-11-25 08:00:00,707.564045810529,0
2014-11-25 09:00:00,772.555265338061,0
2014-11-25 10:00:00,539.124843150648,0
2014-11-25 11:00:00,1207.33322923278,0
2014-11-25 12:00:00,293.780713482431,0
2014-11-25 13:00:00,416.999233186712,0
2014-11-25 14:00:00,425.498130970534,0
2014-11-25 15:00:00,449.595804006321,0
2014-11-25 16:00:00,170.542242109436,0
2014-11-25 17:00:00,-437.931302223559,0
2014-11-25 18:00:00,-260.63128647274,0
2014-11-25 19:00:00,89.4307875069375,0
2014-11-25 20:00:00,-80.2752959704703,0
2014-11-25 21:00:00,-395.713299032077,0
2014-11-25 22:00:00,-252.654289306177,0
2014-11-25 23:00:00,-506.553065438307,0
2014-11-26 00:00:00,-301.036172450689,0
2014-11-26 01:00:00,-805.435526908338,0
2014-11-26 02:00:00,-405.791544456926,0
2014-11-26 03:00:00,-502.689412780549,0
2014-11-26 04:00:00,-614.924112335968,0
2014-11-26 05:00:00,-689.435700093771,0
2014-11-26 06:00:00,-687.594616487868,0
2014-11-26 07:00:00,-982.156499996812,0
2014-11-26 08:00:00,-899.387211645191,0
2014-11-26 09:00:00,-747.81924223231,0
2014-11-26 10:00:00,-683.883716760232,0
2014-11-26 11:00:00,-980.849965132276,0
2014-11-26 12:00:00,-1093.1698237164,0
2014-11-26 13:00:00,-1341.34507212895,0
2014-11-26 14:00:00,-1516.04377610888,0
2014-11-26 15:00:00,-1382.98364122307,0
2014-11-26 16:00:00,-878.209250537275,0
2014-11-26 17:00:00,-1030.96078817085,0
2014-11-26 18:00:00,-1313.05305307799,0
2014-11-26 19:00:00,-1386.14089609494,0
2014-11-26 20:00:00,-1400.30386928977,0
2014-11-26 21:00:00,-1042.55298010732,0
2014-11-26 22:00:00,-1382.65696586384,0
2014-11-26 23:00:00,-986.841230630181,0
2014-11-27 00:00:00,-1145.92036495523,0
2014-11-27 01:00:00,-971.676325134266,0
2014-11-27 02:00:00,-1530.87525969138,0
2014-11-27 03:00:00,-1289.00803680965,0
2014-11-27 04:00:00,-1505.45186516625,0
2014-11-27 05:00:00,-1100.42614966313,0
2014-11-27 06:00:00,-1201.51505699512,0
2014-11-27 07:00:00,-1279.38952714768,0
2014-11-27 08:00:00,-795.052622299957,0
2014-11-27 09:00:00,-1081.04139703114,0
2014-11-27 10:00:00,-842.987797482361,0
2014-11-27 11:00:00,-857.914785684749,0
2014-11-27 12:00:00,-1220.35021434437,0
2014-11-27 13:00:00,-1130.87597080547,0
2014-11-27 14:00:00,-907.42708450963,0
2014-11-27 15:00:00,-1161.22774593542,0
2014-11-27 16:00:00,-659.564360058484,0
2014-11-27 17:00:00,-1085.6883429224,0
2014-11-27 18:00:00,-266.092367329817,0
2014-11-27 19:00:00,-757.703383290918,0
2014-11-27 20:00:00,-123.615333917008,0
2014-11-27 21:00:00,-602.071394931709,0
2014-11-27 22:00:00,-679.233713044467,0
2014-11-27 23:00:00,-348.407053141191,0
2014-11-28 00:00:00,-276.12390400359,0
2014-11-28 01:00:00,-648.983030560625,0
2014-11-28 02:00:00,138.313231310241,0
2014-11-28 03:00:00,-354.496724669172,0
2014-11-28 04:00:00,100.236770393836,0
2014-11-28 05:00:00,216.983549567743,0
2014-11-28 06:00:00,199.144626464823,0
2014-11-28 07:00:00,207.239509018616,0
2014-11-28 08:00:00,364.62241897232,0
2014-11-28 09:00:00,108.323748530751,0
2014-11-28 10:00:00,251.076187092632,0
2014-11-28 11:00:00,242.516599814634,0
2014-11-28 12:00:00,1016.93819622737,0
2014-11-28 13:00:00,1065.42205894166,0
2014-11-28 14:00:00,811.436533590864,0
2014-11-28 15:00:00,487.741059147758,0
2014-11-28 16:00:00,873.260955526166,0
2014-11-28 17:00:00,1331.36639865604,0
2014-11-28 18:00:00,872.958680336844,0
2014-11-28 19:00:00,1263.20970052425,0
2014-11-28 20:00:00,855.957640418771,0
2014-11-28 21:00:00,1342.5456265329,0
2014-11-28 22:00:00,962.675471885484,0
2014-11-28 23:00:00,937.150201583863,0
2014-11-29 00:00:00,1052.17103585222,0
2014-11-29 01:00:00,1114.89900298448,0
2014-11-29 02:00:00,1140.80557612944,0
2014-11-29 03:00:00,1605.03519449703,0
2014-11-29 04:00:00,1458.90983442119,0
2014-11-29 05:00:00,1382.31263559648,0
2014-11-29 06:00:00,1205.26455163932,0
2014-11-29 07:00:00,1241.90223377891,0
2014-11-29 08:00:00,1321.02318787171,0
2014-11-29 09:00:00,1239.62732318027,0
2014-11-29 10:00:00,1421.43290269848,0
2014-11-29 11:00:00,1664.12023344441,0
2014-11-29 12:00:00,1231.53354000598,0
2014-11-29 13:00:00,1918.08364830898,0
2014-11-29 14:00:00,1182.84874925794,0
2014-11-29 15:00:00,1486.8261055077,0
2014-11-29 16:00:00,2113.55184947339,0
2014-11-29 17:00:00,1706.7410472803,0
2014-11-29 18:00:00,1383.95825944835,0
2014-11-29 19:00:00,1195.63394793655,0
2014-11-29 20:00:00,1541.88524992721,0
2014-11-29 21:00:00,1351.29616386699,0
2014-11-29 22:00:00,1218.07131835485,0
2014-11-29 23:00:00,1356.93637556191,0
2014-11-30 00:00:00,1101.28829800003,0
2014-11-30 01:00:00,1874.64306021048,0
2014-11-30 02:00:00,1568.25938860155,0
2014-11-30 03:00:00,1279.40487536301,0
2014-11-30 04:00:00,1205.72334290607,0
2014-11-30 05:00:00,819.078490162335,0
2014-11-30 06:00:00,1130.89932664411,0
2014-11-30 07:00:00,745.580614257004,0
2014-11-30 08:00:00,508.407057177287,0
2014-11-30 09:00:00,1196.24427457342,0
2014-11-30 10:00:00,393.966247833897,0
2014-11-30 11:00:00,490.001432256603,0
2014-11-30 12:00:00,335.507593939525,0
2014-11-30 13:00:00,177.111806230367,0
2014-11-30 14:00:00,508.190937431293,0
2014-11-30 15:00:00,-118.767511209095,0
2014-11-30 16:00:00,151.804231858631,0
2014-11-30 17:00:00,-17.65270563574,0
2014-11-30 18:00:00,-303.871349745033,0
2014-11-30 19:00:00,-32.3794012569993,0
2014-11-30 20:00:00,-198.900186193269,0
2014-11-30 21:00:00,-312.722478052179,0
2014-11-30 22:00:00,27.142569995788,0
2014-11-30 23:00:00,-159.610898506232,0
2014-12-01 00:00:00,-390.484720530298,0
2014-12-01 01:00:00,-392.807324838692,0
2014-12-01 02:00:00,-691.144219315378,0
2014-12-01 03:00:00,-614.40326688044,0
2014-12-01 04:00:00,-335.244625526148,0
2014-12-01 05:00:00,-686.080903104094,0
2014-12-01 06:00:00,-695.848656727607,0
2014-12-01 07:00:00,-263.386095459121,0
2014-12-01 08:00:00,-1026.53955652328,0
2014-12-01 09:00:00,-640.241797573134,0
2014-12-01 10:00:00,-468.793640821233,0
2014-12-01 11:00:00,-1255.79755998843,0
2014-12-01 12:00:00,-1012.10522590788,0
2014-12-01 13:00:00,-1153.73849729751,0
2014-12-01 14:00:00,-1211.84767741041,0
2014-12-01 15:00:00,-1384.85241277956,0
2014-12-01 16:00:00,-1370.34071791568,0
2014-12-01 17:00:00,-825.886944888479,0
2014-12-01 18:00:00,-1019.16866385672,0
2014-12-01 19:00:00,-984.831007535275,0
2014-12-01 20:00:00,-790.01494493611,0
2014-12-01 21:00:00,-1297.1535183173,0
2014-12-01 22:00:00,-990.01784768069,0
2014-12-01 23:00:00,-1216.37409663326,0
2014-12-02 00:00:00,-1324.87604117076,0
2014-12-02 01:00:00,-941.85609586638,0
2014-12-02 02:00:00,-1159.56099269007,0
2014-12-02 03:00:00,-1429.2621332834,0
2014-12-02 04:00:00,-1191.19073184161,0
2014-12-02 05:00:00,-712.917046484605,0
2014-12-02 06:00:00,-767.77073915169,0
2014-12-02 07:00:00,-1421.09685719396,0
2014-12-02 08:00:00,-979.244698864445,0
2014-12-02 09:00:00,-742.821302471471,0
2014-12-02 10:00:00,-1344.72692718929,0
2014-12-02 11:00:00,-506.656482798895,0
2014-12-02 12:00:00,-966.160848016334,0
2014-12-02 13:00:00,-699.582856969215,0
2014-12-02 14:00:00,-767.722437779423,0
2014-12-02 15:00:00,-247.880688366695,0
2014-12-02 16:00:00,-984.079906737227,0
2014-12-02 17:00:00,-574.117581045807,0
2014-12-02 18:00:00,-752.247973131232,0
2014-12-02 19:00:00,-298.920456934087,0
2014-12-02 20:00:00,245.204031225814,0
2014-12-02 21:00:00,-661.960027025836,0
2014-12-02 22:00:00,-211.456978631004,0
2014-12-02 23:00:00,-161.29455411683,0
2014-12-03 00:00:00,352.961203703755,0
2014-12-03 01:00:00,-231.433197149709,0
2014-12-03 02:00:00,229.22063422598,0
2014-12-03 03:00:00,617.648486285832,0
2014-12-03 04:00:00,181.963928020679,0
2014-12-03 05:00:00,140.969919456932,0
2014-12-03 06:00:00,358.071727173018,0
2014-12-03 07:00:00,605.418699884288,0
2014-12-03 08:00:00,283.779444924313,0
2014-12-03 09:00:00,1042.60325925944,0
2014-12-03 10:00:00,694.362498536278,0
2014-12-03 11:00:00,5.14615313549186,0
2014-12-03 12:00:00,543.29164545613,0
2014-12-03 13:00:00,1303.4238334786,0
2014-12-03 14:00:00,709.926809201889,0
2014-12-03 15:00:00,1001.69967261046,0
2014-12-03 16:00:00,1100.40241533076,0
2014-12-03 17:00:00,731.202519310068,0
2014-12-03 18:00:00,1332.19750113764,0
2014-12-03 19:00:00,1367.48098081532,0
2014-12-03 20:00:00,1797.04948133524,0
2014-12-03 21:00:00,1625.47771352145,0
2014-12-03 22:00:00,1421.19048277598,0
2014-12-03 23:00:00,1419.40501985407,0
2014-12-04 00:00:00,1636.85863456563,0
2014-12-04 01:00:00,1281.30689595868,0
2014-12-04 02:00:00,1571.11508691526,0
2014-12-04 03:00:00,1662.71955781598,0
2014-12-04 04:00:00,1737.56037846345,0
2014-12-04 05:00:00,1317.34192152261,0
2014-12-04 06:00:00,2010.7245678896,0
2014-12-04 07:00:00,1824.06426891849,0
2014-12-04 08:00:00,2303.01080476565,0
2014-12-04 09:00:00,1159.26325529681,0
2014-12-04 10:00:00,1498.57896261535,0
2014-12-04 11:00:00,1201.05175970327,0
2014-12-04 12:00:00,1530.74405838261,0
2014-12-04 13:00:00,1709.75492151653,0
2014-12-04 14:00:00,2057.49429399141,0
2014-12-04 15:00:00,1477.89399946452,0
2014-12-04 16:00:00,1257.51401882798,0
2014-12-04 17:00:00,1463.15648161603,0
2014-12-04 18:00:00,1674.89638100212,0
2014-12-04 19:00:00,1526.16819811694,0
2014-12-04 20:00:00,1785.25583030483,0
2014-12-04 21:00:00,1322.27876269785,0
2014-12-04 22:00:00,926.046405814846,0
2014-12-04 23:00:00,1557.43571191331,0
2014-12-05 00:00:00,968.491528053373,0
2014-12-05 01:00:00,1367.1703737171,0
2014-12-05 02:00:00,1284.64468862565,0
2014-12-05 03:00:00,1189.04671790743,0
2014-12-05 04:00:00,1482.22984531342,0
2014-12-05 05:00:00,916.018554767595,0
2014-12-05 06:00:00,562.378141530563,0
2014-12-05 07:00:00,855.726875608941,0
2014-12-05 08:00:00,710.796690036836,0
2014-12-05 09:00:00,867.875645364603,0
2014-12-05 10:00:00,1058.34634984268,0
2014-12-05 11:00:00,88.3083409197504,0
2014-12-05 12:00:00,432.237593156251,0
2014-12-05 13:00:00,433.615947874523,0
2014-12-05 14:00:00,485.529115011766,0
2014-12-05 15:00:00,86.8149453938449,0
2014-12-05 16:00:00,297.289000573759,0
2014-12-05 17:00:00,221.80932123313,0
2014-12-05 18:00:00,46.3943616090799,0
2014-12-05 19:00:00,-54.8308182531983,0
2014-12-05 20:00:00,289.356043904604,0
2014-12-05 21:00:00,12.3891203722915,0
2014-12-05 22:00:00,278.347891524043,0
2014-12-05 23:00:00,-369.80599800376,0
2014-12-06 00:00:00,-690.063401323514,0
2014-12-06 01:00:00,-532.317338137845,0
2014-12-06 02:00:00,-465.393519922096,0
2014-12-06 03:00:00,-612.603172155877,0
2014-12-06 04:00:00,-715.065790494039,0
2014-12-06 05:00:00,-1073.88762473913,0
2014-12-06 06:00:00,-922.281577771321,0
2014-12-06 07:00:00,-1049.42378085724,0
2014-12-06 08:00:00,-728.964419618106,0
2014-12-06 09:00:00,-762.449372867594,0
2014-12-06 10:00:00,-490.357628674703,0
2014-12-06 11:00:00,-1014.61609393963,0
2014-12-06 12:00:00,-714.027323240039,0
2014-12-06 13:00:00,-1116.0281240478,0
2014-12-06 14:00:00,-1412.06926422398,0
2014-12-06 15:00:00,-925.291837187707,0
2014-12-06 16:00:00,-1192.54302647122,0
2014-12-06 17:00:00,-1289.16379988358,0
2014-12-06 18:00:00,-1279.34748193741,0
2014-12-06 19:00:00,-804.106919183451,0
2014-12-06 20:00:00,-680.732242944726,0
2014-12-06 21:00:00,-826.939872294702,0
2014-12-06 22:00:00,-1155.93670659917,0
2014-12-06 23:00:00,-1417.31713531825,0
2014-12-07 00:00:00,-1004.33824349467,0
2014-12-07 01:00:00,-754.888271062244,0
2014-12-07 02:00:00,-806.168861762484,0
2014-12-07 03:00:00,-918.100402695334,0
2014-12-07 04:00:00,-913.943355623053,0
2014-12-07 05:00:00,-1160.24834724538,0
2014-12-07 06:00:00,-788.810647896822,0
2014-12-07 07:00:00,-851.213720844962,0
2014-12-07 08:00:00,-805.82960927073,0
2014-12-07 09:00:00,-830.853059139055,0
2014-12-07 10:00:00,-1031.85605507163,0
2014-12-07 11:00:00,-832.829598327659,0
2014-12-07 12:00:00,-423.869039239101,0
2014-12-07 13:00:00,-556.669752606995,0
2014-12-07 14:00:00,-503.512392521941,0
2014-12-07 15:00:00,-494.121520039949,0
2014-12-07 16:00:00,-15.9201730809431,0
2014-12-07 17:00:00,-310.633018594662,0
2014-12-07 18:00:00,-182.586163754288,0
2014-12-07 19:00:00,-139.222004757012,0
2014-12-07 20:00:00,-358.681604903711,0
2014-12-07 21:00:00,-52.498685048499,0
2014-12-07 22:00:00,373.898065318545,0
2014-12-07 23:00:00,231.576204274241,0
2014-12-08 00:00:00,-192.353840847926,0
2014-12-08 01:00:00,281.850179432362,0
2014-12-08 02:00:00,483.044244317998,0
2014-12-08 03:00:00,392.598256226772,0
2014-12-08 04:00:00,691.481712377869,0
2014-12-08 05:00:00,516.751149382197,0
2014-12-08 06:00:00,361.424067397013,0
2014-12-08 07:00:00,899.360796921108,0
2014-12-08 08:00:00,849.656529289356,0
2014-12-08 09:00:00,993.886474148803,0
2014-12-08 10:00:00,1193.16621679332,0
2014-12-08 11:00:00,1040.83001465244,0
2014-12-08 12:00:00,629.97760215437,0
2014-12-08 13:00:00,1150.90744817176,0
2014-12-08 14:00:00,753.791237208112,0
2014-12-08 15:00:00,1102.05089652858,0
2014-12-08 16:00:00,1546.54568631057,0
2014-12-08 17:00:00,902.856938177743,0
2014-12-08 18:00:00,1431.18691169157,0
2014-12-08 19:00:00,1293.10172291842,0
2014-12-08 20:00:00,1418.78114661401,0
2014-12-08 21:00:00,1794.38878188014,0
2014-12-08 22:00:00,1697.48525673621,0
2014-12-08 23:00:00,1951.72839221331,0
2014-12-09 00:00:00,1349.99965279128,0
2014-12-09 01:00:00,1447.08328381154,0
2014-12-09 02:00:00,1501.5047094415,0
2014-12-09 03:00:00,1685.48266175512,0
2014-12-09 04:00:00,1474.78302093144,0
2014-12-09 05:00:00,1535.32831018658,0
2014-12-09 06:00:00,1504.10743221374,0
2014-12-09 07:00:00,1921.40988354471,0
2014-12-09 08:00:00,1908.19395106311,0
2014-12-09 09:00:00,2001.47941100769,0
2014-12-09 10:00:00,2450.35443373447,0
2014-12-09 11:00:00,1698.11995432694,0
2014-12-09 12:00:00,1909.55596647619,0
2014-12-09 13:00:00,2565.06324993796,0
2014-12-09 14:00:00,1836.82368682608,0
2014-12-09 15:00:00,1646.75205739262,0
2014-12-09 16:00:00,1381.57249363593,0
2014-12-09 17:00:00,1459.77694698861,0
2014-12-09 18:00:00,1125.28023805347,0
2014-12-09 19:00:00,1115.87478183347,0
2014-12-09 20:00:00,1377.55451079811,0
2014-12-09 21:00:00,1520.46289177279,0
2014-12-09 22:00:00,1398.56729793277,0
2014-12-09 23:00:00,1234.26437424676,0
2014-12-10 00:00:00,806.584847924956,0
2014-12-10 01:00:00,1396.25349969936,0
2014-12-10 02:00:00,1284.5984594794,0
2014-12-10 03:00:00,1524.8015054185,0
2014-12-10 04:00:00,554.592892045497,0
2014-12-10 05:00:00,898.548416427813,0
2014-12-10 06:00:00,1362.93627126746,0
2014-12-10 07:00:00,867.713373236871,0
2014-12-10 08:00:00,1128.57752536298,0
2014-12-10 09:00:00,846.048101138353,0
2014-12-10 10:00:00,659.823603558625,0
2014-12-10 11:00:00,790.172546654303,0
2014-12-10 12:00:00,8.45619754083543,0
2014-12-10 13:00:00,316.428418424864,0
2014-12-10 14:00:00,490.002796234645,0
2014-12-10 15:00:00,608.607782207424,0
2014-12-10 16:00:00,386.023311771216,0
2014-12-10 17:00:00,164.103716082596,0
2014-12-10 18:00:00,339.806871040806,0
2014-12-10 19:00:00,-24.6830297542734,0
2014-12-10 20:00:00,-386.004491198758,0
2014-12-10 21:00:00,-171.90442913882,0
2014-12-10 22:00:00,-274.278658026157,0
2014-12-10 23:00:00,-199.413536321624,0
2014-12-11 00:00:00,-457.865525007501,0
2014-12-11 01:00:00,-248.37416730242,0
2014-12-11 02:00:00,61.2105389040142,0
2014-12-11 03:00:00,-1001.24329595535,0
2014-12-11 04:00:00,-432.749333181558,0
2014-12-11 05:00:00,-823.910020548237,0
2014-12-11 06:00:00,-846.621101933091,0
2014-12-11 07:00:00,-1200.50071764926,0
2014-12-11 08:00:00,-835.00448579422,0
2014-12-11 09:00:00,-717.529546641082,0
2014-12-11 10:00:00,-1211.46882485137,0
2014-12-11 11:00:00,-363.57777523684,0
2014-12-11 12:00:00,-1094.76208707741,0
2014-12-11 13:00:00,-1514.5548502081,0
2014-12-11 14:00:00,-969.067464948248,0
2014-12-11 15:00:00,-341.150276375984,0
2014-12-11 16:00:00,-550.161623919324,0
2014-12-11 17:00:00,-641.300424657934,0
2014-12-11 18:00:00,-772.7755507408,0
2014-12-11 19:00:00,-858.294718866331,0
2014-12-11 20:00:00,-1089.16768279804,0
2014-12-11 21:00:00,-1360.52628071373,0
2014-12-11 22:00:00,-1535.41660041338,0
2014-12-11 23:00:00,-1247.21265563287,0
2014-12-12 00:00:00,-1385.38497415489,0
2014-12-12 01:00:00,-1154.64305948433,0
2014-12-12 02:00:00,-679.641400266902,0
2014-12-12 03:00:00,-1070.00316043924,0
2014-12-12 04:00:00,-1206.38352284722,0
2014-12-12 05:00:00,-1020.87176107498,0
2014-12-12 06:00:00,-1174.44838130623,0
2014-12-12 07:00:00,-471.865601095274,0
2014-12-12 08:00:00,-1026.10385902087,0
2014-12-12 09:00:00,-621.594603873272,0
2014-12-12 10:00:00,-378.9931629359,0
2014-12-12 11:00:00,-160.524589529635,0
2014-12-12 12:00:00,78.8631712967924,0
2014-12-12 13:00:00,-813.787991953044,0
2014-12-12 14:00:00,-49.7496589982362,0
2014-12-12 15:00:00,-370.943213770079,0
2014-12-12 16:00:00,-205.570967133821,0
2014-12-12 17:00:00,288.280262721991,0
2014-12-12 18:00:00,-177.528093537807,0
2014-12-12 19:00:00,229.9838246434,0
2014-12-12 20:00:00,101.091313076883,0
2014-12-12 21:00:00,71.3369311469443,0
2014-12-12 22:00:00,641.865937897942,0
2014-12-12 23:00:00,289.992116700646,0
2014-12-13 00:00:00,368.345728817147,0
2014-12-13 01:00:00,680.832848373232,0
2014-12-13 02:00:00,813.072058841823,0
2014-12-13 03:00:00,407.991327297691,0
2014-12-13 04:00:00,1022.55166502037,0
2014-12-13 05:00:00,630.719257796839,0
2014-12-13 06:00:00,637.812794115073,0
2014-12-13 07:00:00,331.55078930668,0
2014-12-13 08:00:00,972.483459523811,0
2014-12-13 09:00:00,1161.57887632738,0
2014-12-13 10:00:00,960.84380265206,0
2014-12-13 11:00:00,1534.40059573442,0
2014-12-13 12:00:00,1434.64485302965,0
2014-12-13 13:00:00,1359.15583044746,0
2014-12-13 14:00:00,1862.72931784542,0
2014-12-13 15:00:00,1054.00328162286,0
2014-12-13 16:00:00,1573.13671106986,0
2014-12-13 17:00:00,1768.84419277661,0
2014-12-13 18:00:00,1334.80651265016,0
2014-12-13 19:00:00,1570.84608760384,0
2014-12-13 20:00:00,1663.29910294937,0
2014-12-13 21:00:00,1598.31206388848,0
2014-12-13 22:00:00,1765.71769794537,0
2014-12-13 23:00:00,1736.62420619908,0
2014-12-14 00:00:00,1585.8170168718,0
2014-12-14 01:00:00,2023.57012010031,0
2014-12-14 02:00:00,1692.55657675129,0
2014-12-14 03:00:00,1693.89951576269,0
2014-12-14 04:00:00,1993.46797633894,0
2014-12-14 05:00:00,2316.8373285946,0
2014-12-14 06:00:00,1417.28217423452,0
2014-12-14 07:00:00,1927.28820241493,0
2014-12-14 08:00:00,1974.01988409094,0
2014-12-14 09:00:00,1868.72257509571,0
2014-12-14 10:00:00,2516.21566203862,0
2014-12-14 11:00:00,2159.13048345527,0
2014-12-14 12:00:00,1670.73839821812,0
2014-12-14 13:00:00,1622.55890294692,0
2014-12-14 14:00:00,1996.07799245227,0
2014-12-14 15:00:00,1988.67457974138,0
2014-12-14 16:00:00,1878.26668654043,0
2014-12-14 17:00:00,1494.04386501722,0
2014-12-14 18:00:00,1750.62659601632,0
2014-12-14 19:00:00,1544.77890480255,0
2014-12-14 20:00:00,1999.52751764264,0
2014-12-14 21:00:00,1242.54110350978,0
2014-12-14 22:00:00,1420.416980195,0
2014-12-14 23:00:00,1087.99223991356,0
2014-12-15 00:00:00,1040.36886425964,0
2014-12-15 01:00:00,1236.74697905531,0
2014-12-15 02:00:00,1111.60453071283,0
2014-12-15 03:00:00,977.264674127109,0
2014-12-15 04:00:00,1445.17391155791,0
2014-12-15 05:00:00,995.229591946789,0
2014-12-15 06:00:00,1246.9328989591,0
2014-12-15 07:00:00,575.875316773864,0
2014-12-15 08:00:00,696.156289733125,0
2014-12-15 09:00:00,321.396889128554,0
2014-12-15 10:00:00,990.934281772948,0
2014-12-15 11:00:00,285.449801010236,0
2014-12-15 12:00:00,852.981514655204,0
2014-12-15 13:00:00,136.224702034323,0
2014-12-15 14:00:00,297.300925876764,0
2014-12-15 15:00:00,-500.887411211097,0
2014-12-15 16:00:00,113.381489205924,0
2014-12-15 17:00:00,110.884761331095,0
2014-12-15 18:00:00,-463.4864339241,0
2014-12-15 19:00:00,-106.029861975508,0
2014-12-15 20:00:00,-188.158519188437,0
2014-12-15 21:00:00,-642.873291365371,0
2014-12-15 22:00:00,8.64369866678885,0
2014-12-15 23:00:00,-603.502677472047,0
2014-12-16 00:00:00,-402.894075495006,0
2014-12-16 01:00:00,-254.836302922481,0
2014-12-16 02:00:00,-593.021993093386,0
2014-12-16 03:00:00,-312.628486309096,0
2014-12-16 04:00:00,-521.37917496633,0
2014-12-16 05:00:00,-211.705461521917,0
2014-12-16 06:00:00,-815.045244374874,0
2014-12-16 07:00:00,-983.674122674774,0
2014-12-16 08:00:00,-622.367072611259,0
2014-12-16 09:00:00,-798.630038083453,0
2014-12-16 10:00:00,-853.023512521305,0
2014-12-16 11:00:00,-670.841230197449,0
2014-12-16 12:00:00,-694.669559644926,0
2014-12-16 13:00:00,-833.293199568794,0
2014-12-16 14:00:00,-685.630206149581,0
2014-12-16 15:00:00,-663.613509063612,0
2014-12-16 16:00:00,-648.251713999039,0
2014-12-16 17:00:00,-615.11018525753,0
2014-12-16 18:00:00,-526.880550685423,0
2014-12-16 19:00:00,-893.690919433807,0
2014-12-16 20:00:00,-962.469467547904,0
2014-12-16 21:00:00,-1153.55763444029,0
2014-12-16 22:00:00,-877.046141908307,0
2014-12-16 23:00:00,-1034.89840530198,0
2014-12-17 00:00:00,-659.87274023004,0
2014-12-17 01:00:00,-789.642577231854,0
2014-12-17 02:00:00,-850.164433991497,0
2014-12-17 03:00:00,-923.127185828104,0
2014-12-17 04:00:00,-612.244760818181,0
2014-12-17 05:00:00,-740.679481861281,0
2014-12-17 06:00:00,-866.911931739923,0
2014-12-17 07:00:00,-856.818515883947,0
2014-12-17 08:00:00,-148.908787998176,0
2014-12-17 09:00:00,-557.890523046108,0
2014-12-17 10:00:00,-522.220061901902,0
2014-12-17 11:00:00,-339.143161829008,0
2014-12-17 12:00:00,-350.533847870166,0
2014-12-17 13:00:00,-251.573943690873,0
2014-12-17 14:00:00,-150.643798612318,0
2014-12-17 15:00:00,-158.052361457909,0
2014-12-17 16:00:00,-216.228072566503,0
2014-12-17 17:00:00,327.152171682747,0
2014-12-17 18:00:00,184.708318613741,0
2014-12-17 19:00:00,-90.2606511489789,0
2014-12-17 20:00:00,571.19450143928,0
2014-12-17 21:00:00,-18.5180270422654,0
2014-12-17 22:00:00,405.965685871228,0
2014-12-17 23:00:00,510.922272226474,0
2014-12-18 00:00:00,416.258146136398,0
2014-12-18 01:00:00,811.185637743198,0
2014-12-18 02:00:00,417.629206632396,0
2014-12-18 03:00:00,1280.81501663165,0
2014-12-18 04:00:00,1053.01196493903,0
2014-12-18 05:00:00,1472.51922642272,0
2014-12-18 06:00:00,1267.42541618857,0
2014-12-18 07:00:00,727.710791966408,0
2014-12-18 08:00:00,1404.50966582916,0
2014-12-18 09:00:00,1417.98002106594,0
2014-12-18 10:00:00,1632.02213298186,0
2014-12-18 11:00:00,1705.80521352097,0
2014-12-18 12:00:00,1603.52992726834,0
2014-12-18 13:00:00,1704.86435798389,0
2014-12-18 14:00:00,1441.90596967694,0
2014-12-18 15:00:00,2057.39991015058,0
2014-12-18 16:00:00,1231.03251484548,0
2014-12-18 17:00:00,1244.9608547745,0
2014-12-18 18:00:00,1439.77024848271,0
2014-12-18 19:00:00,2052.0626528293,0
2014-12-18 20:00:00,1559.76451809944,0
2014-12-18 21:00:00,1779.30897000752,0
2014-12-18 22:00:00,1928.17830911214,0
2014-12-18 23:00:00,1803.57958342237,0
2014-12-19 00:00:00,1405.25006780665,0
2014-12-19 01:00:00,2269.75621109496,0
2014-12-19 02:00:00,1956.72547850934,0
2014-12-19 03:00:00,2123.05997641137,0
2014-12-19 04:00:00,1989.80673272295,0
2014-12-19 05:00:00,1850.09489489269,0
2014-12-19 06:00:00,3755.84447137235,1
2014-12-19 07:00:00,3755.84447137235,1
2014-12-19 08:00:00,3755.84447137235,1
2014-12-19 09:00:00,1647.06454342814,0
2014-12-19 10:00:00,2269.28846926799,0
2014-12-19 11:00:00,1669.94081251381,0
2014-12-19 12:00:00,1883.41016598516,0
2014-12-19 13:00:00,1476.05707502183,0
2014-12-19 14:00:00,1994.21962550128,0
2014-12-19 15:00:00,1932.20367137536,0
2014-12-19 16:00:00,1665.7070120518,0
2014-12-19 17:00:00,2097.81133362496,0
2014-12-19 18:00:00,1511.75602699331,0
2014-12-19 19:00:00,1518.81086202884,0
2014-12-19 20:00:00,1829.58268187038,0
2014-12-19 21:00:00,1606.29964689295,0
2014-12-19 22:00:00,1650.93108733619,0
2014-12-19 23:00:00,1750.93685328356,0
2014-12-20 00:00:00,1369.43580386451,0
2014-12-20 01:00:00,1410.84739502965,0
2014-12-20 02:00:00,1007.79349498331,0
2014-12-20 03:00:00,1228.53200216853,0
2014-12-20 04:00:00,957.388780392434,0
2014-12-20 05:00:00,1300.71079358828,0
2014-12-20 06:00:00,883.820507946221,0
2014-12-20 07:00:00,831.883428048228,0
2014-12-20 08:00:00,750.281131761183,0
2014-12-20 09:00:00,146.997150638621,0
2014-12-20 10:00:00,345.525077901524,0
2014-12-20 11:00:00,1043.88343947931,0
2014-12-20 12:00:00,642.630189599701,0
2014-12-20 13:00:00,395.944021462319,0
2014-12-20 14:00:00,272.238558542919,0
2014-12-20 15:00:00,200.151681455122,0
2014-12-20 16:00:00,286.991451997116,0
2014-12-20 17:00:00,2041.95661980198,1
2014-12-20 18:00:00,2041.95661980198,1
2014-12-20 19:00:00,2041.95661980198,1
2014-12-20 20:00:00,-420.95465485492,0
2014-12-20 21:00:00,-266.826638968435,0
2014-12-20 22:00:00,-81.6283754713626,0
2014-12-20 23:00:00,-649.251719498296,0
2014-12-21 00:00:00,-60.1756684535013,0
2014-12-21 01:00:00,-70.6265589368065,0
2014-12-21 02:00:00,-430.018321030395,0
2014-12-21 03:00:00,-403.356714420655,0
2014-12-21 04:00:00,-166.206167198359,0
2014-12-21 05:00:00,-708.56186390063,0
2014-12-21 06:00:00,-837.204924994742,0
2014-12-21 07:00:00,-926.304738186755,0
2014-12-21 08:00:00,-909.500094110511,0
2014-12-21 09:00:00,-866.397562642084,0
2014-12-21 10:00:00,-605.671550852245,0
2014-12-21 11:00:00,-967.23602206307,0
2014-12-21 12:00:00,-806.988562437586,0
2014-12-21 13:00:00,-705.580981695906,0
2014-12-21 14:00:00,-1088.84061979463,0
2014-12-21 15:00:00,-384.786331964617,0
2014-12-21 16:00:00,-412.553728687694,0
2014-12-21 17:00:00,-1219.77595013879,0
2014-12-21 18:00:00,-865.867724121182,0
2014-12-21 19:00:00,-823.873090712682,0
2014-12-21 20:00:00,-665.397714323276,0
2014-12-21 21:00:00,-994.912322578268,0
2014-12-21 22:00:00,-762.411430340303,0
2014-12-21 23:00:00,-431.580761271492,0
2014-12-22 00:00:00,-345.403822785794,0
2014-12-22 01:00:00,-508.835392728847,0
2014-12-22 02:00:00,-441.893471959504,0
2014-12-22 03:00:00,-656.532757490857,0
2014-12-22 04:00:00,-557.85279117009,0
2014-12-22 05:00:00,-90.431666973775,0
2014-12-22 06:00:00,-325.180093893397,0
2014-12-22 07:00:00,-465.970945689439,0
2014-12-22 08:00:00,195.698379047131,0
2014-12-22 09:00:00,-324.015666134346,0
2014-12-22 10:00:00,185.385702010021,0
2014-12-22 11:00:00,106.184290526211,0
2014-12-22 12:00:00,119.502935346212,0
2014-12-22 13:00:00,7.23550581941936,0
2014-12-22 14:00:00,389.144370807358,0
2014-12-22 15:00:00,-199.839247297744,0
2014-12-22 16:00:00,42.799203685601,0
2014-12-22 17:00:00,310.291714719453,0
2014-12-22 18:00:00,488.701566416878,0
2014-12-22 19:00:00,549.226301226018,0
2014-12-22 20:00:00,522.602459593071,0
2014-12-22 21:00:00,596.352909959784,0
2014-12-22 22:00:00,870.658020372697,0
2014-12-22 23:00:00,650.227208788209,0
2014-12-23 00:00:00,326.095576033307,0
2014-12-23 01:00:00,972.783010100967,0
2014-12-23 02:00:00,1270.16728877462,0
2014-12-23 03:00:00,1372.90439490202,0
2014-12-23 04:00:00,1111.81680488515,0
2014-12-23 05:00:00,1241.490158978,0
2014-12-23 06:00:00,1719.84375847892,0
2014-12-23 07:00:00,1223.2807664331,0
2014-12-23 08:00:00,1421.10306962121,0
2014-12-23 09:00:00,1643.76375329305,0
2014-12-23 10:00:00,1408.22572901182,0
2014-12-23 11:00:00,1512.5078845134,0
2014-12-23 12:00:00,1835.96412912336,0
2014-12-23 13:00:00,1550.59298253072,0
2014-12-23 14:00:00,1906.91526627769,0
2014-12-23 15:00:00,1520.69781882515,0
2014-12-23 16:00:00,1348.81999660345,0
2014-12-23 17:00:00,2076.17999996075,0
2014-12-23 18:00:00,1915.17728519908,0
2014-12-23 19:00:00,1868.20587280117,0
2014-12-23 20:00:00,1873.79979195096,0
2014-12-23 21:00:00,2293.50443193777,0
2014-12-23 22:00:00,1771.98743696029,0
2014-12-23 23:00:00,2322.73462671034,0
2014-12-24 00:00:00,1814.09737714145,0
2014-12-24 01:00:00,2058.45407029089,0
2014-12-24 02:00:00,2043.61142798943,0
2014-12-24 03:00:00,2250.66613846342,0
2014-12-24 04:00:00,1634.60241361447,0
2014-12-24 05:00:00,2024.73242023438,0
2014-12-24 06:00:00,2044.97052962939,0
2014-12-24 07:00:00,2212.2880880598,0
2014-12-24 08:00:00,2341.42663916163,0
2014-12-24 09:00:00,1770.13174296045,0
2014-12-24 10:00:00,2086.05311937924,0
2014-12-24 11:00:00,2088.22804194939,0
2014-12-24 12:00:00,2247.35323849768,0
2014-12-24 13:00:00,1878.86511767407,0
2014-12-24 14:00:00,2161.59570028541,0
2014-12-24 15:00:00,1841.87943802493,0
2014-12-24 16:00:00,1696.09801999759,0
2014-12-24 17:00:00,1857.69976729039,0
2014-12-24 18:00:00,1745.96692596278,0
2014-12-24 19:00:00,1717.73295714484,0
2014-12-24 20:00:00,1822.42646403946,0
2014-12-24 21:00:00,1425.96532862291,0
2014-12-24 22:00:00,1376.88151727576,0
2014-12-24 23:00:00,1321.86479855736,0
2014-12-25 00:00:00,1589.28984064257,0
2014-12-25 01:00:00,1751.08995761433,0
2014-12-25 02:00:00,1425.01712899953,0
2014-12-25 03:00:00,1374.27624587136,0
2014-12-25 04:00:00,1493.8176507474,0
2014-12-25 05:00:00,810.964010484394,0
2014-12-25 06:00:00,503.783536533746,0
2014-12-25 07:00:00,524.63142172787,0
2014-12-25 08:00:00,807.501747031141,0
2014-12-25 09:00:00,673.825901850761,0
2014-12-25 10:00:00,-114.318533489721,0
2014-12-25 11:00:00,831.087021500959,0
2014-12-25 12:00:00,392.150407694527,0
2014-12-25 13:00:00,363.292571507375,0
2014-12-25 14:00:00,413.77679047589,0
2014-12-25 15:00:00,-103.315668271998,0
2014-12-25 16:00:00,-13.8182089804112,0
2014-12-25 17:00:00,374.251006184721,0
2014-12-25 18:00:00,554.856679218962,0
2014-12-25 19:00:00,156.938920331877,0
2014-12-25 20:00:00,109.851767083817,0
2014-12-25 21:00:00,-586.693005752775,0
2014-12-25 22:00:00,78.3799951939756,0
2014-12-25 23:00:00,43.937142000123,0
2014-12-26 00:00:00,-391.854771466529,0
2014-12-26 01:00:00,-297.313586426167,0
2014-12-26 02:00:00,-149.393933007893,0
2014-12-26 03:00:00,130.490086158115,0
2014-12-26 04:00:00,-758.545341221908,0
2014-12-26 05:00:00,-234.311234750087,0
2014-12-26 06:00:00,-174.157157169199,0
2014-12-26 07:00:00,-321.793819658973,0
2014-12-26 08:00:00,-507.193364418764,0
2014-12-26 09:00:00,-642.938798712516,0
2014-12-26 10:00:00,-575.983003102921,0
2014-12-26 11:00:00,-404.137446962708,0
2014-12-26 12:00:00,-920.115508577355,0
2014-12-26 13:00:00,-961.760391192057,0
2014-12-26 14:00:00,-828.459052070601,0
2014-12-26 15:00:00,-1010.53870654233,0
2014-12-26 16:00:00,-1066.72234557398,0
2014-12-26 17:00:00,-259.281832355547,0
2014-12-26 18:00:00,-843.649017193743,0
2014-12-26 19:00:00,-715.791259962583,0
2014-12-26 20:00:00,-856.99597002343,0
2014-12-26 21:00:00,-399.977983349046,0
2014-12-26 22:00:00,-365.330128227192,0
2014-12-26 23:00:00,-158.752564174684,0
2014-12-27 00:00:00,-551.746857700218,0
2014-12-27 01:00:00,-66.130554209961,0
2014-12-27 02:00:00,-309.918496566407,0
2014-12-27 03:00:00,-637.379617765781,0
2014-12-27 04:00:00,52.8635849219157,0
2014-12-27 05:00:00,200.743128219884,0
2014-12-27 06:00:00,71.2004179828228,0
2014-12-27 07:00:00,-191.852488559412,0
2014-12-27 08:00:00,-369.370664462863,0
2014-12-27 09:00:00,54.6812030501193,0
2014-12-27 10:00:00,-240.953897665727,0
2014-12-27 11:00:00,-295.928436292911,0
2014-12-27 12:00:00,430.216297289552,0
2014-12-27 13:00:00,238.854280630101,0
2014-12-27 14:00:00,284.524799245521,0
2014-12-27 15:00:00,293.569231344739,0
2014-12-27 16:00:00,878.587569809974,0
2014-12-27 17:00:00,195.972419044228,0
2014-12-27 18:00:00,568.557506164086,0
2014-12-27 19:00:00,907.546032152338,0
2014-12-27 20:00:00,910.818264999911,0
2014-12-27 21:00:00,749.517551478931,0
2014-12-27 22:00:00,968.773180272115,0
2014-12-27 23:00:00,1008.91166409248,0
2014-12-28 00:00:00,1571.94841187016,0
2014-12-28 01:00:00,1231.91146868382,0
2014-12-28 02:00:00,1105.55264444665,0
2014-12-28 03:00:00,1656.11788387955,0
2014-12-28 04:00:00,1082.72797900864,0
2014-12-28 05:00:00,1621.89352211406,0
2014-12-28 06:00:00,1867.41514450048,0
2014-12-28 07:00:00,1304.50080984591,0
2014-12-28 08:00:00,1753.66499306733,0
2014-12-28 09:00:00,1975.06028966733,0
2014-12-28 10:00:00,2073.75287342496,0
2014-12-28 11:00:00,2232.30566803935,0
2014-12-28 12:00:00,2384.6905072348,0
2014-12-28 13:00:00,1982.80241509329,0
2014-12-28 14:00:00,1752.7334922127,0
2014-12-28 15:00:00,1816.30029959303,0
2014-12-28 16:00:00,2231.84593359958,0
2014-12-28 17:00:00,1672.96090805076,0
2014-12-28 18:00:00,2243.51974047387,0
2014-12-28 19:00:00,1837.30820687655,0
2014-12-28 20:00:00,1919.2947207769,0
2014-12-28 21:00:00,2268.22717319939,0
2014-12-28 22:00:00,2039.45392233291,0
2014-12-28 23:00:00,1987.58223605334,0
2014-12-29 00:00:00,2037.10318816916,0
2014-12-29 01:00:00,2582.6184967128,0
2014-12-29 02:00:00,1853.60989127084,0
2014-12-29 03:00:00,2234.68961526837,0
2014-12-29 04:00:00,2075.21931029811,0
2014-12-29 05:00:00,2956.96452263663,0
2014-12-29 06:00:00,2125.79245394974,0
2014-12-29 07:00:00,2621.08792774486,0
2014-12-29 08:00:00,2347.14526486283,0
2014-12-29 09:00:00,1684.68700202896,0
2014-12-29 10:00:00,2196.29470628648,0
2014-12-29 11:00:00,2208.21001056449,0
2014-12-29 12:00:00,1994.4737129784,0
2014-12-29 13:00:00,1436.48315154798,0
2014-12-29 14:00:00,2486.83559338418,0
2014-12-29 15:00:00,1803.66430683653,0
2014-12-29 16:00:00,1435.91061113174,0
2014-12-29 17:00:00,2073.68541346123,0
2014-12-29 18:00:00,1627.01054348752,0
2014-12-29 19:00:00,1696.79210378801,0
2014-12-29 20:00:00,1368.39471703045,0
2014-12-29 21:00:00,1041.07292818944,0
2014-12-29 22:00:00,1399.7159701442,0
2014-12-29 23:00:00,1572.66978899429,0
2014-12-30 00:00:00,1303.914985692,0
2014-12-30 01:00:00,1245.9152133367,0
2014-12-30 02:00:00,1225.92015347692,0
2014-12-30 03:00:00,1200.27188860139,0
2014-12-30 04:00:00,955.532512070668,0
2014-12-30 05:00:00,871.697007675833,0
2014-12-30 06:00:00,686.087720046688,0
2014-12-30 07:00:00,443.504711688903,0
2014-12-30 08:00:00,354.611975861518,0
2014-12-30 09:00:00,452.702977178846,0
2014-12-30 10:00:00,391.701900968884,0
2014-12-30 11:00:00,411.732894298693,0
2014-12-30 12:00:00,1865.87909158456,1
2014-12-30 13:00:00,1865.87909158456,1
2014-12-30 14:00:00,1865.87909158456,1
2014-12-30 15:00:00,335.329059253288,0
2014-12-30 16:00:00,241.373214237928,0
2014-12-30 17:00:00,103.671235697859,0
2014-12-30 18:00:00,-190.499214942922,0
2014-12-30 19:00:00,-164.260994609659,0
2014-12-30 20:00:00,-162.97428313877,0
2014-12-30 21:00:00,-96.9701926803883,0
2014-12-30 22:00:00,-180.008537761591,0
2014-12-30 23:00:00,252.385468895527,0
2014-12-31 00:00:00,-352.981458355326,0
2014-12-31 01:00:00,-501.59946758851,0
2014-12-31 02:00:00,-772.592684941975,0
2014-12-31 03:00:00,-641.351933946134,0
2014-12-31 04:00:00,265.686515103028,0
2014-12-31 05:00:00,-360.854820439814,0
2014-12-31 06:00:00,-227.316115237271,0
2014-12-31 07:00:00,-431.017763750344,0
2014-12-31 08:00:00,-455.769102455706,0
2014-12-31 09:00:00,-558.605834819083,0
2014-12-31 10:00:00,-379.154173868067,0
2014-12-31 11:00:00,-152.881975571581,0
2014-12-31 12:00:00,-295.954493499004,0
2014-12-31 13:00:00,-586.56917166623,0
2014-12-31 14:00:00,-494.369972374469,0
2014-12-31 15:00:00,-889.874710243907,0
2014-12-31 16:00:00,-200.109335690079,0
2014-12-31 17:00:00,-5.64524400967116,0
2014-12-31 18:00:00,-851.404338399996,0
2014-12-31 19:00:00,-435.960640983187,0
2014-12-31 20:00:00,-631.502819121069,0
2014-12-31 21:00:00,-681.246403821225,0
2014-12-31 22:00:00,-53.1778916567065,0
2014-12-31 23:00:00,12.3868565610393,0
2015-01-01 00:00:00,280.981776967519,0
2015-01-01 01:00:00,-71.8160390961821,0
2015-01-01 02:00:00,-628.56869129265,0
2015-01-01 03:00:00,27.2870814084118,0
2015-01-01 04:00:00,-226.270289589492,0
2015-01-01 05:00:00,-39.2834167862342,0
2015-01-01 06:00:00,136.118434489819,0
2015-01-01 07:00:00,153.917558906885,0
2015-01-01 08:00:00,407.532204355241,0
2015-01-01 09:00:00,95.8484447993886,0
2015-01-01 10:00:00,158.478600723535,0
2015-01-01 11:00:00,453.230718836359,0
2015-01-01 12:00:00,705.660910662578,0
2015-01-01 13:00:00,446.701248352863,0
2015-01-01 14:00:00,447.94029958531,0
2015-01-01 15:00:00,433.116750422068,0
2015-01-01 16:00:00,575.577340132327,0
2015-01-01 17:00:00,772.668151756494,0
2015-01-01 18:00:00,617.671920870406,0
2015-01-01 19:00:00,1177.55739605718,0
2015-01-01 20:00:00,535.313390105033,0
2015-01-01 21:00:00,1106.26455208228,0
2015-01-01 22:00:00,843.126278332868,0
2015-01-01 23:00:00,1610.49869567992,0
2015-01-02 00:00:00,1231.4046682034,0
2015-01-02 01:00:00,1729.80381797381,0
2015-01-02 02:00:00,1394.66516465383,0
2015-01-02 03:00:00,1515.91418782423,0
2015-01-02 04:00:00,1370.41746154092,0
2015-01-02 05:00:00,895.625562708881,0
2015-01-02 06:00:00,2190.84451235842,0
2015-01-02 07:00:00,1451.54945988152,0
2015-01-02 08:00:00,2545.48633300885,0
2015-01-02 09:00:00,2014.35285623257,0
2015-01-02 10:00:00,1832.28558758353,0
2015-01-02 11:00:00,2209.81242399232,0
2015-01-02 12:00:00,2301.63502664909,0
2015-01-02 13:00:00,2053.43006878995,0
2015-01-02 14:00:00,2186.17835903783,0
2015-01-02 15:00:00,2665.98349715107,0
2015-01-02 16:00:00,1848.72326015633,0
2015-01-02 17:00:00,2229.73903336712,0
2015-01-02 18:00:00,2473.11243260836,0
2015-01-02 19:00:00,1916.27256123425,0
2015-01-02 20:00:00,1833.81016898551,0
2015-01-02 21:00:00,2666.23990566983,0
2015-01-02 22:00:00,2125.41807940664,0
2015-01-02 23:00:00,2053.71563752498,0
2015-01-03 00:00:00,2315.00956785133,0
2015-01-03 01:00:00,2175.78174536615,0
2015-01-03 02:00:00,2166.69068200576,0
2015-01-03 03:00:00,1930.15146373125,0
2015-01-03 04:00:00,2048.07624359472,0
2015-01-03 05:00:00,2486.78006553972,0
2015-01-03 06:00:00,2372.63812104668,0
2015-01-03 07:00:00,2048.84083461168,0
2015-01-03 08:00:00,2815.17847213561,0
2015-01-03 09:00:00,2537.1391412436,0
2015-01-03 10:00:00,1920.20934271836,0
2015-01-03 11:00:00,2046.70778829564,0
2015-01-03 12:00:00,1183.46599884111,0
2015-01-03 13:00:00,2230.81862056714,0
2015-01-03 14:00:00,2076.933232871,0
2015-01-03 15:00:00,1748.17263197448,0
2015-01-03 16:00:00,1771.92436229457,0
2015-01-03 17:00:00,1787.0817042436,0
2015-01-03 18:00:00,1969.79333915428,0
2015-01-03 19:00:00,1388.60407716114,0
2015-01-03 20:00:00,1855.63144430348,0
2015-01-03 21:00:00,1708.27842033447,0